raceId,driverId,stop,lap,time,duration,milliseconds
1121,807,1,1,18:05:33,36.604,36604
1121,855,1,9,18:18:39,25.208,25208
1121,840,1,9,18:18:42,24.418,24418
1121,839,1,10,18:20:20,24.877,24877
1121,858,1,10,18:21:19,35.729,35729
1121,847,1,11,18:21:38,24.778,24778
1121,844,1,11,18:21:41,24.069,24069
1121,825,1,11,18:21:55,25.951,25951
1121,815,1,12,18:23:16,24.516,24516
1122,830,1,7,20:15:25,20.607,20607
1121,1,1,12,18:23:26,25.087,25087
1121,842,1,12,18:23:38,29.980,29980
1121,822,1,12,18:23:42,26.420,26420
1122,815,1,7,20:15:30,22.196,22196
1121,817,1,13,18:25:17,24.988,24988
1121,832,1,14,18:26:32,24.474,24474
1121,852,1,14,18:26:47,24.724,24724
1121,4,1,15,18:28:24,24.786,24786
1121,848,1,15,18:28:29,24.681,24681
1121,830,1,17,18:31:12,25.064,25064
1121,807,2,20,18:37:08,24.768,24768
1121,840,2,27,18:48:25,24.545,24545
1121,855,2,28,18:49:59,25.094,25094
1121,858,2,28,18:51:33,25.070,25070
1121,839,2,30,18:53:30,25.145,25145
1121,822,2,30,18:53:32,1:14.773,74773
1121,847,2,31,18:54:21,24.866,24866
1121,842,2,31,18:55:10,26.462,26462
1121,825,2,32,18:56:37,24.446,24446
1122,844,1,7,20:15:31,23.419,23419
1121,1,2,33,18:57:45,24.094,24094
1121,844,2,34,18:59:13,24.136,24136
1122,857,1,7,20:15:36,21.427,21427
1121,852,2,34,18:59:47,24.324,24324
1121,832,2,35,19:00:38,23.866,23866
1121,817,2,35,19:01:34,24.856,24856
1121,815,2,36,19:02:12,24.563,24563
1121,848,2,36,19:03:09,24.610,24610
1121,830,2,37,19:03:29,24.209,24209
1121,4,2,41,19:10:58,25.109,25109
1121,858,3,40,19:11:22,25.346,25346
1121,807,3,41,19:11:29,24.387,24387
1121,842,3,43,19:14:55,25.240,25240
1121,857,1,12,18:23:24,25.450,25450
1121,846,1,13,18:25:00,24.205,24205
1121,846,2,33,18:57:39,24.705,24705
1121,857,2,34,18:59:20,24.852,24852
1122,4,1,7,20:15:37,22.129,22129
1122,847,1,7,20:15:42,21.013,21013
1122,852,1,7,20:15:51,21.694,21694
1122,860,1,7,20:15:51,22.457,22457
1122,825,1,7,20:15:53,21.460,21460
1122,848,1,7,20:15:53,21.723,21723
1122,817,1,7,20:15:57,1:03.364,63364
1122,839,1,7,20:15:59,22.502,22502
1122,822,1,7,20:16:00,22.795,22795
1122,858,1,7,20:16:01,23.645,23645
1122,807,1,33,20:59:21,21.035,21035
1122,822,2,35,21:02:58,23.281,23281
1122,1,1,36,21:03:38,20.170,20170
1123,817,1,5,15:10:25,18.265,18265
1122,855,1,41,21:12:03,46.381,46381
1122,846,1,37,21:05:08,22.211,22211
1123,848,1,6,15:11:45,17.755,17755
1123,855,1,6,15:11:49,19.032,19032
1123,1,1,7,15:13:04,17.596,17596
1123,825,1,7,15:13:08,18.301,18301
1123,847,1,8,15:14:23,18.046,18046
1123,840,1,8,15:14:26,17.901,17901
1123,822,1,8,15:14:30,46.969,46969
1123,844,1,9,15:15:42,17.409,17409
1123,857,1,9,15:15:43,17.573,17573
1123,852,1,9,15:15:50,18.523,18523
1123,839,1,9,15:15:55,18.287,18287
1123,846,1,14,15:22:37,17.776,17776
1123,815,1,14,15:22:45,18.112,18112
1123,832,1,16,15:25:14,17.599,17599
1123,839,2,16,15:25:58,30.626,30626
1123,4,1,17,15:27:06,18.160,18160
1123,807,1,17,15:27:28,18.320,18320
1123,842,1,17,15:27:32,20.316,20316
1123,848,2,27,15:41:35,17.745,17745
1123,817,2,29,15:44:29,17.751,17751
1123,825,2,33,15:49:58,18.151,18151
1123,844,2,34,15:50:35,17.308,17308
1123,815,2,35,15:52:18,17.222,17222
1123,807,2,35,15:52:40,18.145,18145
1123,855,2,35,15:52:50,36.866,36866
1123,852,2,36,15:53:59,17.535,17535
1123,822,2,36,15:54:30,18.938,18938
1123,840,2,37,15:55:19,17.977,17977
1123,857,2,39,15:57:32,18.533,18533
1123,846,2,40,15:58:46,17.653,17653
1123,832,2,41,15:59:57,17.740,17740
1123,4,2,41,16:00:37,17.995,17995
1123,842,2,41,16:01:21,17.682,17682
1123,839,3,42,16:02:51,18.007,18007
1123,847,2,45,16:06:07,17.964,17964
1124,830,1,1,14:05:50,26:15.603,1575603
1124,815,1,1,14:05:52,26:17.661,1577661
1124,846,1,1,14:05:54,26:20.116,1580116
1124,832,1,1,14:05:57,26:20.097,1580097
1124,4,1,1,14:06:00,26:20.924,1580924
1124,857,1,1,14:06:03,26:20.204,1580204
1124,1,1,1,14:06:12,26:20.696,1580696
1124,844,1,1,14:06:13,26:23.333,1583333
1124,847,1,1,14:06:18,26:21.238,1581238
1124,807,1,1,14:06:21,26:20.886,1580886
1124,822,1,1,14:06:22,26:22.542,1582542
1124,852,1,1,14:06:25,26:24.553,1584553
1124,839,1,1,14:06:28,26:26.095,1586095
1124,842,1,1,14:06:30,26:26.793,1586793
1124,840,1,1,14:06:35,26:25.911,1585911
1124,825,1,1,14:06:40,26:24.630,1584630
1124,858,1,1,14:06:43,26:25.267,1585267
1124,855,1,1,14:06:50,26:22.912,1582912
1124,807,2,5,14:40:46,23.622,23622
1124,822,2,6,14:42:21,24.824,24824
1124,852,2,7,14:43:59,23.358,23358
1124,855,2,7,14:44:07,23.910,23910
1124,846,2,11,14:50:21,23.049,23049
1124,855,3,11,14:51:01,26.653,26653
1124,857,2,12,14:52:06,23.420,23420
1124,840,2,12,14:52:17,23.358,23358
1124,4,2,13,14:53:43,22.998,22998
1124,815,2,15,14:56:51,22.990,22990
1124,832,2,15,14:56:55,23.136,23136
1124,830,2,16,14:58:23,23.177,23177
1124,842,2,16,14:59:18,23.844,23844
1124,839,2,19,15:04:11,23.394,23394
1124,847,2,22,15:08:39,23.577,23577
1124,825,2,22,15:09:03,26.198,26198
1124,822,3,22,15:09:04,25.946,25946
1124,858,2,22,15:09:04,25.530,25530
1124,852,3,22,15:09:05,23.486,23486
1124,840,3,22,15:09:06,23.238,23238
1124,1,2,23,15:10:21,23.333,23333
1124,844,2,26,15:15:01,23.285,23285
1124,846,3,26,15:15:02,23.232,23232
1124,857,3,32,15:25:00,22.848,22848
1124,842,3,32,15:26:03,23.102,23102
1124,815,3,33,15:26:18,22.956,22956
1124,4,3,33,15:26:33,23.157,23157
1124,807,3,33,15:27:22,23.993,23993
1124,839,3,33,15:27:33,24.181,24181
1124,830,3,34,15:27:43,23.234,23234
1124,840,4,34,15:28:58,22.911,22911
1124,858,3,34,15:29:04,24.220,24220
1124,832,3,36,15:31:14,23.591,23591
1124,847,3,37,15:33:07,22.991,22991
1124,1,3,39,15:36:25,23.956,23956
1124,858,4,41,15:41:24,23.287,23287
1125,807,1,8,15:17:30,23.004,23004
1125,852,1,8,15:17:35,23.160,23160
1125,855,1,8,15:17:39,23.362,23362
1125,840,1,9,15:19:10,23.823,23823
1125,822,1,9,15:19:12,22.949,22949
1125,839,1,9,15:19:14,23.156,23156
1125,848,1,9,15:19:15,23.273,23273
1125,1,1,9,15:19:19,22.518,22518
1125,4,1,11,15:22:28,23.049,23049
1125,847,1,11,15:22:32,22.415,22415
1125,842,1,11,15:22:43,39.712,39712
1125,858,1,12,15:24:34,23.229,23229
1125,830,1,13,15:25:33,22.456,22456
1125,815,1,13,15:25:43,22.027,22027
1125,817,1,14,15:27:53,22.598,22598
1125,857,1,16,15:31:03,22.673,22673
1125,832,1,17,15:32:49,22.629,22629
1125,825,1,17,15:33:13,22.974,22974
1125,844,1,21,15:39:34,22.360,22360
1125,840,2,21,15:40:07,22.911,22911
1125,1,2,21,15:40:23,22.662,22662
1125,846,1,22,15:41:37,22.161,22161
1125,830,2,23,15:43:44,22.270,22270
1125,815,2,23,15:44:03,22.371,22371
1125,4,2,23,15:44:21,22.687,22687
1125,847,2,23,15:44:25,22.707,22707
1125,807,2,23,15:44:41,23.336,23336
1125,839,2,23,15:44:48,23.208,23208
1125,852,2,23,15:44:54,22.387,22387
1125,848,2,23,15:44:57,23.600,23600
1125,855,2,23,15:45:02,25.610,25610
1125,842,2,23,15:45:12,23.987,23987
1125,857,2,24,15:46:41,22.262,22262
1125,858,2,24,15:47:14,22.684,22684
1125,840,3,26,15:51:46,1:33.274,93274
1125,825,2,27,15:54:22,25.727,25727
1125,840,4,35,16:10:09,34.777,34777
1125,842,3,38,16:15:11,22.836,22836
1125,855,3,40,16:18:35,23.252,23252
1125,4,3,43,16:23:18,23.179,23179
1126,848,1,10,16:19:16,22.828,22828
1126,840,1,11,16:20:48,23.038,23038
1126,858,1,11,16:20:52,22.611,22611
1126,822,1,11,16:20:55,23.730,23730
1126,807,1,12,16:22:21,23.055,23055
1126,842,1,12,16:22:22,22.466,22466
1126,815,1,17,16:29:57,21.695,21695
1126,844,1,19,16:32:56,21.825,21825
1126,839,1,22,16:38:08,22.663,22663
1126,4,1,22,16:38:11,22.374,22374
1126,825,1,22,16:38:18,23.265,23265
1126,830,1,23,16:39:17,22.187,22187
1126,847,1,24,16:41:18,22.800,22800
1126,1,1,26,16:44:23,22.107,22107
1126,857,1,27,16:45:31,22.216,22216
1126,832,1,27,16:45:33,22.805,22805
1126,815,2,28,16:47:40,22.396,22396
1126,852,1,28,16:47:44,22.153,22153
1126,855,1,28,16:48:01,23.017,23017
1126,817,1,28,16:48:05,22.540,22540
1126,807,2,28,16:48:13,22.487,22487
1126,840,2,28,16:48:15,22.631,22631
1126,825,2,28,16:48:47,29.727,29727
1126,846,1,29,16:49:15,22.041,22041
1126,822,2,29,16:50:34,22.765,22765
1126,825,3,31,16:54:36,30.732,30732
1126,857,2,40,17:08:34,30.409,30409
1126,848,2,53,17:29:03,22.567,22567
1127,4,1,7,15:13:08,31.368,31368
1127,848,1,8,15:14:25,30.050,30050
1127,842,1,8,15:14:26,30.081,30081
1127,822,1,8,15:14:28,30.240,30240
1127,848,2,9,15:17:08,33.179,33179
1127,817,1,11,15:18:29,30.068,30068
1127,852,1,12,15:19:49,29.628,29628
1127,807,1,13,15:21:11,29.749,29749
1127,847,1,21,15:31:57,29.664,29664
1127,846,1,22,15:33:08,29.956,29956
1127,857,1,23,15:34:37,29.770,29770
1127,830,1,24,15:35:46,30.416,30416
1127,848,3,23,15:36:52,38.413,38413
1127,844,1,25,15:37:15,30.149,30149
1127,839,1,25,15:37:56,30.659,30659
1127,832,1,27,15:40:03,30.508,30508
1127,1,1,27,15:40:14,29.547,29547
1127,848,4,28,15:44:25,31.131,31131
1127,842,2,30,15:45:06,30.654,30654
1127,858,1,31,15:46:28,31.085,31085
1127,855,1,33,15:49:09,30.244,30244
1127,815,1,37,15:54:16,29.669,29669
1127,840,1,37,15:54:22,29.971,29971
1127,825,1,37,15:54:36,31.302,31302
1127,4,2,40,15:59:03,30.483,30483
1127,847,2,52,16:14:22,29.605,29605
1127,4,3,59,16:25:23,29.931,29931
1129,825,1,7,14:14:25,30.472,30472
1129,807,1,12,14:22:33,24.233,24233
1129,855,1,24,14:40:42,25.598,25598
1129,830,1,25,14:40:52,24.306,24306
1129,847,1,25,14:40:52,24.044,24044
1129,857,1,25,14:40:53,23.977,23977
1129,4,1,25,14:41:12,25.788,25788
1129,1,1,25,14:41:13,23.762,23762
1129,840,1,25,14:41:47,24.284,24284
1129,848,1,25,14:41:54,24.753,24753
1129,844,1,25,14:41:58,24.031,24031
1129,832,1,25,14:42:01,27.626,27626
1129,825,2,25,14:42:03,26.794,26794
1129,842,1,25,14:42:06,24.911,24911
1129,815,1,25,14:42:09,33.762,33762
1129,807,2,25,14:42:21,24.668,24668
1129,846,1,26,14:42:44,23.423,23423
1129,817,1,26,14:43:37,30.298,30298
1129,844,2,28,14:47:31,47.186,47186
1129,844,3,31,14:53:31,24.629,24629
1129,842,2,40,15:05:55,24.408,24408
1129,825,3,41,15:07:24,24.833,24833
1129,822,1,42,15:08:45,24.929,24929
1129,1,2,43,15:09:46,24.226,24226
1129,817,2,43,15:10:10,23.860,23860
1129,832,2,43,15:10:12,24.125,24125
1129,815,2,43,15:10:12,24.423,24423
1129,857,2,44,15:11:10,23.476,23476
1129,4,2,44,15:11:23,24.346,24346
1129,852,1,44,15:11:26,25.569,25569
1129,840,2,44,15:11:30,25.025,25025
1129,839,1,44,15:11:32,24.495,24495
1129,848,2,44,15:11:34,24.804,24804
1129,807,3,44,15:11:43,24.751,24751
1129,855,2,44,15:11:53,1:05.564,65564
1129,830,2,45,15:12:29,24.246,24246
1129,847,2,45,15:12:31,25.431,25431
1129,846,2,47,15:15:19,23.983,23983
1129,855,3,52,15:25:02,28.375,28375
1129,847,3,54,15:25:19,28.157,28157
1129,1,3,54,15:25:24,28.817,28817
1129,825,4,54,15:26:25,26.845,26845
1128,844,1,1,15:04:50,39:18.026,2358026
1128,857,1,1,15:04:52,39:17.645,2357645
1128,846,1,1,15:04:54,39:25.538,2365538
1128,847,1,1,15:04:56,39:29.363,2369363
1128,830,1,1,15:04:57,39:32.670,2372670
1128,1,1,1,15:05:00,39:35.369,2375369
1128,852,1,1,15:05:02,39:37.564,2377564
1128,848,1,1,15:05:05,39:41.390,2381390
1128,842,1,1,15:05:07,39:41.893,2381893
1128,840,1,1,15:05:10,39:43.588,2383588
1128,817,1,1,15:05:13,39:45.823,2385823
1128,4,1,1,15:05:15,39:49.467,2389467
1128,858,1,1,15:05:16,39:51.600,2391600
1128,822,1,1,15:05:19,39:54.053,2394053
1128,832,1,1,15:05:27,38:47.072,2327072
1128,855,1,1,15:05:31,39:46.414,2386414
1128,822,2,15,16:04:57,24.239,24239
1128,840,2,42,16:41:05,24.132,24132
1128,840,3,48,16:49:27,28.211,28211
1128,1,2,51,16:52:10,24.232,24232
1128,830,2,52,16:53:26,23.813,23813
1128,858,2,57,17:01:43,24.384,24384
1128,855,2,70,17:19:04,24.367,24367
1130,855,1,9,15:15:47,22.523,22523
1130,852,1,9,15:15:48,22.064,22064
1130,825,1,10,15:17:08,23.360,23360
1130,822,1,11,15:18:28,22.744,22744
1130,807,1,12,15:19:44,22.722,22722
1130,839,1,13,15:21:03,21.834,21834
1130,815,1,13,15:21:05,22.181,22181
1130,842,1,14,15:22:19,26.097,26097
1130,858,1,14,15:22:45,22.401,22401
1130,847,1,15,15:23:33,25.023,25023
1130,832,1,15,15:23:36,22.194,22194
1130,1,1,16,15:24:57,21.840,21840
1130,817,1,16,15:25:24,22.364,22364
1130,830,1,17,15:26:11,21.544,21544
1130,840,1,17,15:26:39,21.880,21880
1130,848,1,18,15:28:15,23.248,23248
1130,4,1,19,15:29:25,21.957,21957
1130,857,1,21,15:31:54,22.224,22224
1130,846,1,23,15:34:21,21.618,21618
1130,844,1,24,15:35:49,22.260,22260
1130,852,2,27,15:40:44,22.084,22084
1130,822,2,28,15:41:58,22.963,22963
1130,825,2,29,15:43:22,28.967,28967
1130,815,2,31,15:45:43,21.464,21464
1130,858,2,34,15:50:28,22.506,22506
1130,847,2,36,15:52:01,22.700,22700
1130,832,2,36,15:52:05,22.249,22249
1130,839,2,37,15:53:54,21.921,21921
1130,840,2,37,15:54:06,23.381,23381
1130,842,2,38,15:55:06,21.687,21687
1130,807,2,38,15:55:17,22.518,22518
1130,855,2,41,15:59:31,24.253,24253
1130,817,2,42,16:01:01,22.108,22108
1130,1,2,43,16:01:21,21.603,21603
1130,830,2,44,16:02:29,22.340,22340
1130,848,2,43,16:02:33,21.892,21892
1130,852,3,44,16:04:06,22.564,22564
1130,4,2,45,16:04:54,22.571,22571
1130,857,2,46,16:05:37,22.420,22420
1130,846,2,47,16:06:31,22.631,22631
1130,844,2,47,16:06:44,21.624,21624
1130,815,3,49,16:09:52,21.472,21472
1131,844,1,1,15:04:20,31.917,31917
1131,858,1,1,15:04:23,31.722,31722
1131,825,1,10,15:15:02,21.518,21518
1131,817,1,10,15:15:04,21.502,21502
1131,807,1,11,15:16:12,22.355,22355
1131,4,1,11,15:16:18,21.483,21483
1131,848,1,12,15:17:30,21.878,21878
1131,844,2,16,15:22:38,21.685,21685
1131,839,1,19,15:25:51,22.291,22291
1131,822,1,19,15:26:01,21.918,21918
1131,842,1,20,15:27:05,21.431,21431
1131,840,1,20,15:27:11,21.399,21399
1131,858,2,20,15:27:51,22.502,22502
1131,1,1,21,15:28:03,21.563,21563
1131,815,1,21,15:28:10,21.291,21291
1131,852,1,21,15:28:21,21.250,21250
1131,847,1,22,15:29:09,21.673,21673
1131,832,1,22,15:29:12,21.226,21226
1131,830,1,23,15:30:10,21.899,21899
1131,846,1,23,15:30:16,21.617,21617
1131,857,1,25,15:32:49,20.978,20978
1131,855,1,28,15:37:09,23.198,23198
1131,844,3,33,15:43:03,22.243,22243
1131,4,2,35,15:45:19,33.947,33947
1131,817,2,37,15:47:39,21.093,21093
1131,825,2,38,15:48:49,21.832,21832
1131,807,2,39,15:49:55,21.814,21814
1131,848,2,39,15:50:11,21.692,21692
1131,842,2,42,15:53:40,22.043,22043
1131,822,2,42,15:53:49,21.991,21991
1131,839,2,43,15:54:52,21.231,21231
1131,840,2,43,15:54:58,21.302,21302
1131,852,2,44,15:56:07,23.444,23444
1131,847,2,46,15:57:41,21.229,21229
1131,832,2,47,15:58:55,21.283,21283
1131,858,3,49,16:03:04,22.093,22093
1131,830,2,51,16:03:13,25.841,25841
1131,846,2,51,16:03:21,21.411,21411
1131,857,2,51,16:03:40,20.775,20775
1131,815,2,51,16:04:03,27.500,27500
1131,844,4,51,16:04:33,20.903,20903
1131,855,2,51,16:05:02,21.594,21594
1131,1,2,53,16:06:06,27.281,27281
1131,830,3,64,16:19:06,22.729,22729
1131,4,3,68,16:25:31,22.487,22487
1132,855,1,12,15:22:07,29.178,29178
1132,844,1,19,15:32:51,28.481,28481
1132,815,1,19,15:32:59,28.391,28391
1132,839,1,19,15:33:21,28.495,28495
1132,855,2,19,15:33:46,29.838,29838
1132,839,2,21,15:37:02,28.276,28276
1132,830,1,26,15:43:41,28.365,28365
1132,832,1,26,15:43:42,29.199,29199
1132,807,1,26,15:43:59,29.412,29412
1132,840,1,26,15:44:01,29.023,29023
1132,817,1,26,15:44:23,28.875,28875
1132,822,1,26,15:44:42,30.628,30628
1132,846,1,27,15:45:13,28.661,28661
1132,1,1,27,15:45:17,28.929,28929
1132,847,1,27,15:45:20,32.045,32045
1132,4,1,27,15:45:51,29.341,29341
1132,852,1,27,15:45:52,30.000,30000
1132,848,1,27,15:45:53,34.742,34742
1132,839,3,26,15:45:57,29.289,29289
1132,825,1,27,15:45:59,30.308,30308
1132,858,1,27,15:46:01,32.801,32801
1132,855,3,26,15:46:39,29.125,29125
1132,857,1,28,15:47:12,29.541,29541
1132,844,2,27,15:47:17,29.233,29233
1132,815,2,28,15:49:13,32.313,32313
1132,825,2,37,16:03:41,29.884,29884
1132,817,2,37,16:03:44,29.873,29873
1132,822,2,37,16:04:05,31.527,31527
1132,1,2,38,16:04:09,30.038,30038
1132,830,2,38,16:04:14,29.076,29076
1132,857,2,38,16:04:29,29.200,29200
1132,844,3,37,16:04:40,29.166,29166
1132,815,3,37,16:04:59,29.300,29300
1132,4,2,38,16:05:03,29.686,29686
1132,852,2,38,16:05:07,29.658,29658
1132,848,2,38,16:05:11,29.410,29410
1132,858,2,38,16:05:23,29.444,29444
1132,846,2,39,16:05:44,30.387,30387
1132,855,4,37,16:06:00,33.083,33083
1132,832,2,39,16:06:06,29.097,29097
1132,807,2,39,16:06:28,30.265,30265
1132,840,2,39,16:06:33,29.469,29469
1132,839,4,38,16:06:52,29.086,29086
1132,815,4,47,16:20:38,28.871,28871
1132,832,3,50,16:22:59,28.706,28706
1133,807,1,2,15:06:01,22.287,22287
1133,848,1,6,15:11:43,22.091,22091
1133,825,1,6,15:11:43,21.871,21871
1133,839,1,6,15:11:47,21.829,21829
1133,4,1,7,15:13:05,22.542,22542
1133,817,1,7,15:13:08,21.084,21084
1133,855,1,7,15:13:15,21.993,21993
1133,858,1,8,15:14:38,21.757,21757
1133,840,1,14,15:23:01,23.237,23237
1133,1,1,16,15:25:36,21.306,21306
1133,822,1,16,15:25:58,22.146,22146
1133,846,1,17,15:26:55,21.861,21861
1133,857,1,18,15:28:15,21.641,21641
1133,830,1,21,15:32:38,22.101,22101
1133,832,1,21,15:32:46,21.655,21655
1133,844,1,23,15:35:30,21.894,21894
1133,815,1,28,15:43:04,21.395,21395
1133,842,1,28,15:43:16,21.405,21405
1133,817,2,28,15:43:23,21.378,21378
1133,852,1,29,15:44:27,21.467,21467
1133,807,2,29,15:44:45,22.472,22472
1133,848,2,29,15:44:46,23.410,23410
1133,839,2,30,15:46:17,21.444,21444
1133,847,1,33,15:50:09,21.369,21369
1133,858,2,33,15:50:34,21.398,21398
1133,825,2,34,15:51:57,22.531,22531
1133,855,2,36,15:55:03,22.183,22183
1133,4,2,37,15:55:57,21.800,21800
1133,1,2,40,15:59:28,21.910,21910
1133,844,2,40,15:59:29,21.723,21723
1133,846,2,45,16:06:18,21.249,21249
1133,840,2,45,16:07:17,22.276,22276
1133,822,2,45,16:07:35,21.981,21981
1133,857,2,47,16:09:05,21.823,21823
1133,832,2,47,16:09:23,21.439,21439
1133,815,2,47,16:09:46,21.056,21056
1133,830,2,49,16:12:02,21.344,21344
1133,847,2,53,16:18:05,21.328,21328
1133,858,3,63,16:33:22,21.908,21908
1133,839,3,64,16:34:46,21.330,21330
1134,807,1,7,15:17:00,23.562,23562
1134,848,1,8,15:18:45,23.606,23606
1134,817,1,8,15:18:49,22.643,22643
1134,858,1,8,15:18:55,23.338,23338
1134,842,1,9,15:20:39,22.900,22900
1134,847,1,10,15:22:19,22.686,22686
1134,830,1,10,15:22:21,23.214,23214
1134,1,1,11,15:24:02,23.188,23188
1134,815,1,11,15:24:06,22.692,22692
1134,857,1,11,15:24:08,22.623,22623
1134,822,1,11,15:24:22,23.147,23147
1134,844,1,12,15:25:53,22.942,22942
1134,839,1,12,15:26:11,23.366,23366
1134,840,1,12,15:26:15,23.010,23010
1134,4,1,13,15:27:58,23.075,23075
1134,846,1,15,15:31:29,22.682,22682
1134,852,1,15,15:31:55,23.452,23452
1134,825,1,17,15:35:32,23.619,23619
1134,832,1,20,15:40:33,23.080,23080
1134,807,2,20,15:41:12,23.268,23268
1134,815,2,21,15:42:34,22.648,22648
1134,817,2,21,15:42:55,22.328,22328
1134,848,2,23,15:46:34,23.146,23146
1134,858,2,24,15:48:46,23.692,23692
1134,844,2,25,15:49:39,23.330,23330
1134,1,2,26,15:51:24,22.704,22704
1134,830,2,28,15:55:10,22.943,22943
1134,832,2,28,15:55:17,23.089,23089
1134,842,2,28,15:55:46,22.844,22844
1134,846,2,29,15:56:59,22.610,22610
1134,857,2,30,15:58:38,24.125,24125
1134,839,2,30,15:59:14,23.546,23546
1134,822,2,35,16:08:31,22.949,22949
1134,815,3,42,16:20:40,22.632,22632
1135,848,1,12,15:18:56,21.258,21258
1135,807,1,14,15:21:26,21.619,21619
1135,852,1,14,15:21:27,21.249,21249
1135,822,1,15,15:22:50,21.095,21095
1135,855,1,18,15:26:53,21.214,21214
1135,858,1,22,15:32:00,22.030,22030
1135,1,1,23,15:32:56,21.168,21168
1135,844,1,24,15:33:57,20.841,20841
1135,847,1,25,15:35:11,21.846,21846
1135,830,1,27,15:37:39,20.785,20785
1135,846,1,28,15:38:48,21.536,21536
1135,815,1,29,15:40:23,22.934,22934
1135,817,1,29,15:40:51,20.942,20942
1135,832,1,30,15:41:41,20.840,20840
1135,840,1,30,15:42:05,21.385,21385
1135,839,1,30,15:42:17,21.015,21015
1135,4,1,31,15:43:19,21.348,21348
1135,842,1,32,15:44:31,22.646,22646
1135,852,2,32,15:44:50,20.880,20880
1135,857,1,33,15:45:22,20.969,20969
1135,825,1,40,15:55:10,21.403,21403
1135,822,2,43,15:59:12,21.273,21273
1135,1,2,48,16:04:40,21.026,21026
1135,855,2,51,16:09:57,22.044,22044
1135,847,2,54,16:12:03,21.159,21159
1135,848,2,54,16:13:00,21.016,21016
1136,807,1,5,15:10:58,38.875,38875
1136,842,1,10,15:18:08,24.335,24335
1136,847,1,11,15:19:22,32.696,32696
1136,817,1,11,15:19:31,30.317,30317
1136,4,1,12,15:20:54,24.866,24866
1136,846,1,14,15:23:26,24.169,24169
1136,825,1,14,15:23:48,25.672,25672
1136,844,1,15,15:24:52,24.551,24551
1136,1,1,15,15:24:58,24.469,24469
1136,855,1,15,15:25:28,27.138,27138
1136,857,1,16,15:26:13,23.793,23793
1136,861,1,16,15:26:50,25.147,25147
1136,848,1,17,15:28:04,24.801,24801
1136,832,1,19,15:30:37,24.313,24313
1136,840,1,19,15:31:07,24.980,24980
1136,830,1,22,15:34:56,28.198,28198
1136,815,1,23,15:36:25,24.728,24728
1136,842,2,30,15:47:05,24.203,24203
1136,839,1,31,15:48:20,24.146,24146
1136,846,2,32,15:48:59,24.870,24870
1136,807,2,32,15:50:05,36.576,36576
1136,847,2,33,15:50:51,26.297,26297
1136,822,1,33,15:51:24,24.410,24410
1136,815,2,35,15:53:38,24.030,24030
1136,4,2,35,15:53:55,24.501,24501
1136,840,2,36,15:55:36,24.209,24209
1136,1,2,37,15:56:11,24.155,24155
1136,857,2,38,15:57:15,24.670,24670
1136,830,2,41,16:01:54,24.150,24150
1136,840,3,50,16:15:41,25.269,25269
1137,840,1,1,15:06:20,21.123,21123
1137,861,1,10,15:22:39,20.596,20596
1137,4,1,11,15:24:27,20.073,20073
1137,822,1,11,15:25:01,20.045,20045
1137,830,1,12,15:26:10,21.145,21145
1137,847,1,12,15:26:14,19.954,19954
1137,1,1,12,15:26:34,21.289,21289
1137,852,1,12,15:26:54,20.922,20922
1137,815,1,13,15:27:51,20.630,20630
1137,860,1,14,15:30:09,21.276,21276
1137,857,1,15,15:31:28,20.181,20181
1137,807,1,15,15:31:57,21.617,21617
1137,844,1,16,15:33:13,20.671,20671
1137,832,1,17,15:35:11,21.483,21483
1137,840,2,22,15:45:17,20.214,20214
1137,848,1,31,16:00:54,20.287,20287
1137,855,1,34,16:07:12,20.520,20520
1137,846,1,37,16:11:41,19.712,19712
1137,830,2,49,16:33:13,20.725,20725
1137,817,1,49,16:34:12,21.984,21984
1137,839,1,49,16:34:42,20.634,20634
1137,842,1,50,16:36:20,20.257,20257
1138,817,1,10,20:20:46,30.316,30316
1138,848,1,11,20:22:22,29.126,29126
1138,832,1,13,20:25:37,29.385,29385
1138,1,1,17,20:31:54,29.272,29272
1138,4,1,25,20:45:21,29.251,29251
1138,840,1,26,20:47:31,29.816,29816
1138,847,1,27,20:48:22,28.739,28739
1138,815,1,28,20:50:26,28.990,28990
1138,825,1,28,20:50:47,29.707,29707
1138,830,1,29,20:51:28,29.655,29655
1138,807,1,29,20:52:00,29.808,29808
1138,861,1,29,20:52:02,29.772,29772
1138,839,1,29,20:52:22,29.601,29601
1138,846,1,30,20:52:44,29.091,29091
1138,852,1,33,20:58:54,29.662,29662
1138,822,1,33,20:59:22,30.423,30423
1138,855,1,34,21:01:01,29.360,29360
1138,844,1,36,21:03:29,29.042,29042
1138,842,1,37,21:06:04,31.509,31509
1138,857,1,38,21:06:22,29.152,29152
1138,817,2,46,21:20:58,29.066,29066
1138,825,2,49,21:26:52,31.291,31291
1138,817,3,58,21:40:58,29.653,29653
1139,848,1,3,14:09:39,34.983,34983
1139,855,1,13,14:28:22,24.433,24433
1139,822,1,15,14:31:39,24.439,24439
1139,825,1,17,14:34:50,23.966,23966
1139,842,1,18,14:36:29,28.228,28228
1139,852,1,18,14:36:35,24.193,24193
1139,832,1,21,14:41:13,23.963,23963
1139,830,1,25,14:47:52,24.228,24228
1139,844,1,26,14:49:20,23.817,23817
1139,815,1,26,14:49:57,23.580,23580
1139,4,1,26,14:50:15,24.247,24247
1139,807,1,27,14:51:40,24.500,24500
1139,840,1,27,14:52:06,26.399,26399
1139,846,1,31,14:57:52,23.731,23731
1139,839,1,31,14:58:47,24.156,24156
1139,857,1,32,14:59:38,24.107,24107
1139,848,2,33,15:02:17,24.391,24391
1139,855,2,35,15:05:59,24.890,24890
1139,859,1,36,15:06:52,23.839,23839
1139,825,2,38,15:10:18,24.087,24087
1139,861,1,39,15:11:56,23.971,23971
1139,847,1,40,15:13:16,29.327,29327
1139,839,2,51,15:32:32,26.175,26175
1140,815,1,20,14:35:55,27.730,27730
1140,830,1,26,14:43:43,43.730,43730
1140,840,1,26,14:44:17,22.592,22592
1140,1,1,28,14:46:42,22.538,22538
1140,842,1,28,14:46:56,23.204,23204
1140,807,1,29,14:48:15,23.077,23077
1140,846,1,30,14:49:15,22.111,22111
1140,825,1,30,14:49:36,23.332,23332
1140,844,1,31,14:50:30,22.860,22860
1140,847,1,31,14:50:44,22.462,22462
1140,832,1,32,14:51:43,22.249,22249
1140,857,1,39,15:02:09,21.825,21825
1140,859,1,39,15:02:15,22.586,22586
1140,855,1,43,15:08:09,22.935,22935
1140,815,2,43,15:08:13,22.174,22174
1140,861,1,47,15:13:22,23.895,23895
1140,839,1,48,15:14:59,23.245,23245
1140,822,1,49,15:16:16,22.505,22505
1140,859,2,65,15:38:15,30.299,30299
1140,844,2,69,15:42:04,22.690,22690
1140,815,3,68,15:42:41,21.920,21920
1141,844,1,24,13:24:06,24.573,24573
1141,807,1,25,13:25:44,25.369,25369
1141,861,1,26,13:27:23,25.287,25287
1141,857,1,27,13:28:37,26.050,26050
1141,4,1,27,13:28:41,25.107,25107
1141,860,1,27,13:28:52,35.755,35755
1141,1,1,27,13:28:55,25.205,25205
1141,832,1,27,13:29:01,25.920,25920
1141,815,1,27,13:29:04,26.692,26692
1141,855,1,27,13:29:32,25.248,25248
1141,847,1,28,13:29:59,25.698,25698
1141,846,1,28,13:30:01,24.764,24764
1141,852,1,28,13:30:16,25.431,25431
1141,859,1,28,13:30:35,28.167,28167
1141,807,2,27,13:31:21,58.984,58984
1141,855,2,28,13:31:38,27.067,27067
1141,861,2,30,13:35:02,25.239,25239
1141,807,3,29,13:36:17,28.590,28590
1141,839,1,32,13:38:37,23:28.695,1408695
1141,830,1,32,13:38:39,23:29.303,1409303
1141,855,3,31,13:38:42,21:23.154,1283154
1141,842,1,32,13:38:45,23:27.586,1407586
1141,846,2,32,13:38:46,23:35.363,1415363
1141,847,2,32,13:38:51,23:35.838,1415838
1141,852,2,32,13:38:53,23:39.030,1419030
1141,844,2,32,13:38:55,23:40.260,1420260
1141,857,2,32,13:38:58,23:40.270,1420270
1141,4,2,32,13:39:00,23:42.872,1422872
1141,859,2,32,13:39:03,23:42.722,1422722
1141,1,2,32,13:39:05,23:45.703,1425703
1141,822,1,32,13:39:10,23:42.094,1422094
1141,832,2,32,13:39:11,23:44.659,1424659
1141,815,2,32,13:39:13,23:45.215,1425215
1141,860,2,32,13:39:16,23:44.737,1424737
1141,855,4,32,14:01:55,1:08.542,68542
1142,4,1,4,22:10:35,21.407,21407
1142,844,1,9,22:18:44,21.329,21329
1142,846,1,9,22:18:45,21.194,21194
1142,848,1,9,22:18:56,22.012,22012
1142,840,1,9,22:18:57,34.863,34863
1142,832,1,10,22:20:21,21.048,21048
1142,842,1,10,22:20:28,22.179,22179
1142,852,1,10,22:20:29,21.168,21168
1142,857,1,10,22:20:30,27.732,27732
1142,830,1,11,22:21:59,20.697,20697
1142,839,1,11,22:22:13,15.790,15790
1142,855,1,11,22:22:14,22.960,22960
1142,859,1,11,22:22:17,21.049,21049
1142,847,1,12,22:23:29,21.072,21072
1142,839,2,12,22:24:07,21.142,21142
1142,1,1,13,22:25:24,21.067,21067
1142,807,1,14,22:27:15,21.511,21511
1142,861,1,16,22:30:50,21.170,21170
1142,815,1,17,22:32:20,21.294,21294
1142,825,1,17,22:32:31,21.963,21963
1142,822,1,17,22:32:34,21.623,21623
1142,4,2,24,22:44:09,21.407,21407
1142,857,2,25,22:45:37,21.082,21082
1142,861,2,26,22:47:34,21.221,21221
1142,830,2,27,22:48:30,22.254,22254
1142,1,2,27,22:48:34,21.355,21355
1142,832,2,28,22:50:14,20.879,20879
1142,840,2,28,22:50:55,21.588,21588
1142,852,2,29,22:52:13,21.208,21208
1142,846,2,30,22:53:40,20.668,20668
1142,844,2,31,22:55:05,21.585,21585
1142,847,2,32,22:56:26,20.975,20975
1142,815,2,32,22:57:18,21.034,21034
1142,807,2,33,22:58:49,21.702,21702
1142,855,2,34,23:00:44,21.761,21761
1142,822,2,35,23:02:48,22.821,22821
1142,859,2,38,23:07:28,20.642,20642
1142,839,3,45,23:18:59,21.858,21858
1142,846,3,48,23:22:59,21.059,21059
1143,840,1,1,19:05:45,29.783,29783
1143,807,1,1,19:06:14,32.957,32957
1143,840,2,7,19:17:19,41.674,41674
1143,847,1,23,19:39:53,32.309,32309
1143,822,1,24,19:41:56,29.034,29034
1143,825,1,27,19:46:04,28.543,28543
1143,807,2,31,19:52:08,28.343,28343
1143,857,1,34,19:55:28,27.818,27818
1143,832,1,34,19:55:52,36.143,36143
1143,1,1,34,19:56:36,37.915,37915
1143,830,1,35,19:56:43,28.303,28303
1143,846,1,35,19:56:47,28.024,28024
1143,844,1,35,19:57:03,28.460,28460
1143,815,1,35,19:57:29,28.088,28088
1143,842,1,35,19:57:50,28.792,28792
1143,847,2,35,19:57:59,27.870,27870
1143,4,1,35,19:58:01,28.628,28628
1143,855,1,35,19:58:03,29.085,29085
1143,852,1,35,19:58:23,29.024,29024
1143,848,1,35,19:58:26,29.179,29179
1143,859,1,35,19:58:28,45.049,45049
1143,830,2,36,19:59:32,23.884,23884
1143,1,2,35,19:59:34,23.412,23412
1143,822,2,35,19:59:35,28.968,28968
1143,846,2,36,19:59:37,25.592,25592
1143,844,2,36,19:59:40,25.675,25675
1143,857,2,36,19:59:44,22.867,22867
1143,815,2,36,19:59:53,22.705,22705
1143,842,2,36,20:00:12,22.717,22717
1143,847,3,36,20:00:22,22.763,22763
1143,832,2,36,20:00:24,22.776,22776
1143,4,2,36,20:00:27,28.592,28592
1143,855,2,36,20:00:29,23.228,23228
1143,825,2,36,20:00:33,22.696,22696
1143,852,2,36,20:00:47,22.714,22714
1143,848,2,36,20:00:48,22.710,22710
1143,807,3,36,20:00:50,23.810,23810
1143,859,2,36,20:01:08,22.737,22737
1143,830,3,37,20:02:21,22.703,22703
1143,1,3,36,20:02:23,26.815,26815
1143,846,3,37,20:02:24,28.746,28746
1143,822,3,36,20:02:25,28.140,28140
1143,844,3,37,20:02:26,28.983,28983
1143,857,3,37,20:02:28,29.326,29326
1143,815,3,37,20:02:30,29.459,29459
1143,842,3,37,20:02:33,30.488,30488
1143,847,4,37,20:02:34,34.037,34037
1143,832,3,37,20:02:35,34.356,34356
1143,855,3,37,20:02:37,34.818,34818
1143,4,3,37,20:02:41,32.811,32811
1143,825,3,37,20:02:42,33.363,33363
1143,852,3,37,20:02:45,35.849,35849
1143,848,3,37,20:02:46,36.548,36548
1143,807,4,37,20:02:48,37.692,37692
1143,859,3,37,20:03:03,26.790,26790
1143,852,4,40,20:09:21,29.271,29271
1143,859,4,40,20:09:24,34.655,34655
1143,846,4,45,20:17:59,36.069,36069
1143,1,4,47,20:21:04,22.705,22705
1143,848,4,55,20:32:43,39.687,39687
1144,861,1,3,17:09:29,24.941,24941
1144,857,1,4,17:10:26,23.582,23582
1144,822,1,6,17:13:23,41.144,41144
1144,840,1,11,17:20:50,23.266,23266
1144,825,1,12,17:22:19,26.363,26363
1144,855,1,12,17:22:26,23.024,23024
1144,848,1,12,17:22:27,22.065,22065
1144,807,1,13,17:23:45,21.530,21530
1144,4,1,13,17:23:49,23.326,23326
1144,842,1,14,17:25:11,22.059,22059
1144,844,1,20,17:34:12,21.869,21869
1144,852,1,22,17:37:40,21.869,21869
1144,862,1,22,17:37:42,22.080,22080
1144,859,1,23,17:39:04,23.415,23415
1144,859,2,24,17:41:00,22.565,22565
1144,832,1,25,17:41:22,21.280,21280
1144,846,1,26,17:42:49,21.276,21276
1144,847,1,26,17:43:11,21.656,21656
1144,830,1,29,17:47:46,32.652,32652
1144,825,2,29,17:48:18,21.678,21678
1144,859,3,29,17:48:52,32.317,32317
1144,825,3,30,17:50:20,22.815,22815
1144,857,2,32,17:52:42,32.774,32774
1144,840,2,32,17:52:48,22.053,22053
1144,1,1,34,17:55:17,21.694,21694
1144,4,2,37,18:00:10,22.437,22437
1144,855,2,39,18:03:21,28.765,28765
1144,825,4,55,18:28:06,22.090,22090
