resultId,raceId,driverId,constructorId,number,grid,position,positionText,positionOrder,points,laps,time,milliseconds,fastestLap,rank,fastestLapTime,fastestLapSpeed,statusId
26286,1121,830,9,1,1,1,1,1,26.0,57,1:31:44.742,5504742,39,1,1:32.608,210.383,1
26287,1121,815,9,11,5,2,2,2,18.0,57,+22.457,5527199,40,4,1:34.364,206.468,1
26288,1121,832,6,55,4,3,3,3,15.0,57,+25.110,5529852,44,6,1:34.507,206.156,1
26289,1121,844,6,16,2,4,4,4,12.0,57,+39.669,5544411,36,2,1:34.090,207.069,1
26290,1121,847,131,63,3,5,5,5,10.0,57,+46.788,5551530,40,12,1:35.065,204.946,1
26291,1121,846,1,4,7,6,6,6,8.0,57,+48.458,5553200,1,5,1:34.476,206.223,1
26292,1121,1,131,44,9,7,7,7,6.0,57,+50.324,5555066,39,7,1:34.722,205.688,1
26293,1121,857,1,81,8,8,8,8,4.0,57,+56.082,5560824,1,11,1:34.983,205.123,1
26294,1121,4,117,14,6,9,9,9,2.0,57,+1:14.887,5579629,48,3,1:34.199,206.830,1
26295,1121,840,117,18,12,10,10,10,1.0,57,+1:33.216,5597958,30,16,1:35.632,203.730,1
26296,1121,855,15,24,17,11,11,11,0.0,56,\N,\N,30,14,1:35.458,204.102,11
26297,1121,825,210,20,15,12,12,12,0.0,56,\N,\N,34,15,1:35.570,203.863,11
26298,1121,817,215,3,14,13,13,13,0.0,56,\N,\N,37,13,1:35.163,204.735,11
26299,1121,852,215,22,11,14,14,14,0.0,56,\N,\N,37,18,1:35.833,203.303,11
26300,1121,848,3,23,13,15,15,15,0.0,56,\N,\N,40,17,1:35.723,203.537,11
26301,1121,807,210,27,10,16,16,16,0.0,56,\N,\N,46,10,1:34.834,205.445,11
26302,1121,839,214,31,19,17,17,17,0.0,56,\N,\N,34,20,1:36.226,202.473,11
26303,1121,842,214,10,20,18,18,18,0.0,56,\N,\N,45,9,1:34.805,205.508,11
26304,1121,822,15,77,16,19,19,19,0.0,56,\N,\N,33,19,1:36.202,202.523,11
26305,1121,858,3,2,18,20,20,20,0.0,55,\N,\N,42,8,1:34.735,205.659,12
26306,1122,830,9,1,1,1,1,1,25.0,50,1:20:43.273,4843273,50,3,1:31.773,242.188,1
26307,1122,815,9,11,3,2,2,2,18.0,50,+13.6431,4862704,37,8,1:32.273,240.876,1
26308,1122,844,6,16,2,3,3,3,16.0,50,+18.639,4861912,50,1,1:31.632,242.561,1
26309,1122,857,1,81,5,4,4,4,12.0,50,+32.007,4875280,1,10,1:32.310,240.779,1
26310,1122,4,117,14,4,5,5,5,10.0,50,+35.759,4879032,43,13,1:32.387,240.579,1
26311,1122,847,131,63,7,6,6,6,8.0,50,+39.936,4883209,42,7,1:32.254,240.926,1
26312,1122,860,6,38,11,7,7,7,6.0,50,+42.679,4885952,50,5,1:32.186,241.103,1
26313,1122,846,1,4,6,8,8,8,4.0,50,+45.708,4888981,1,4,1:31.944,241.738,1
26314,1122,1,131,44,8,9,9,9,2.0,50,+47.391,4890664,38,2,1:31.746,242.260,1
26315,1122,807,210,27,15,10,10,10,1.0,50,+1:16.996,4920269,49,12,1:32.366,240.633,1
26316,1122,848,3,23,12,11,11,11,0.0,50,+1:28.354,4931627,50,9,1:32.307,240.787,1
26317,1122,825,210,20,13,12,12,12,0.0,50,+1:45.7373,4955646,47,11,1:32.338,240.706,1
26318,1122,839,214,31,17,13,13,13,0.0,49,\N,\N,48,17,1:33.481,237.763,11
26319,1122,858,3,2,19,14,14,14,0.0,49,\N,\N,44,18,1:33.523,237.657,11
26320,1122,852,215,22,9,15,15,15,0.0,49,\N,\N,49,15,1:33.026,238.926,11
26321,1122,817,215,3,14,16,16,16,0.0,49,\N,\N,47,16,1:33.323,238.166,11
26322,1122,822,15,77,16,17,17,17,0.0,49,\N,\N,49,14,1:32.706,239.751,11
26323,1122,855,15,24,20,18,18,18,0.0,49,\N,\N,49,6,1:32.208,241.046,11
26324,1122,840,117,18,10,\N,R,19,0.0,5,\N,\N,5,19,1:35.560,232.591,3
26325,1122,842,214,10,18,\N,R,20,0.0,1,\N,\N,\N,0,\N,\N,6
26326,1123,832,6,55,2,1,1,1,25.0,58,1:20:26.843,4826843,48,3,1:20.031,237.418,1
26327,1123,844,6,16,4,2,2,2,19.0,58,+2.366,4829209,56,1,1:19.813,238.066,1
26328,1123,846,1,4,3,3,3,3,15.0,58,+5.904,4832747,1,2,1:19.915,237.762,1
26329,1123,857,1,81,5,4,4,4,12.0,58,+35.770,4862613,1,4,1:20.199,236.920,1
26330,1123,815,9,11,6,5,5,5,10.0,58,+56.309,4883152,47,6,1:20.388,236.363,1
26331,1123,840,117,18,9,6,6,6,8.0,58,+1:33.222,4920065,49,8,1:20.930,234.780,1
26332,1123,852,215,22,8,7,7,7,6.0,58,+1:35.601,4922444,46,11,1:21.134,234.190,1
26333,1123,4,117,14,10,8,8,8,4.0,58,+1:40.992,4927835,52,7,1:20.493,236.055,1
26334,1123,807,210,27,16,9,9,9,2.0,58,+1:44.553,4931396,46,12,1:21.145,234.158,1
26335,1123,825,210,20,14,10,10,10,1.0,57,\N,\N,44,9,1:21.082,234.340,11
26336,1123,848,3,23,12,11,11,11,0.0,57,\N,\N,46,17,1:21.618,232.801,11
26337,1123,817,215,3,18,12,12,12,0.0,57,\N,\N,46,13,1:21.239,233.887,11
26338,1123,842,214,10,17,13,13,13,0.0,57,\N,\N,51,10,1:21.090,234.317,11
26339,1123,822,15,77,13,14,14,14,0.0,57,\N,\N,48,16,1:21.422,233.361,11
26340,1123,855,15,24,19,15,15,15,0.0,57,\N,\N,49,14,1:21.327,233.634,11
26341,1123,839,214,31,15,16,16,16,0.0,57,\N,\N,45,15,1:21.354,233.557,11
26342,1123,847,131,63,7,17,17,17,0.0,56,\N,\N,53,5,1:20.284,236.669,3
26343,1123,1,131,44,11,\N,R,18,0.0,15,\N,\N,11,18,1:22.444,230.469,5
26344,1123,830,9,1,1,\N,R,19,0.0,3,\N,\N,3,19,1:23.115,228.608,23
26345,1124,830,9,1,1,1,1,1,26.0,53,1:54:23.566,6863566,50,1,1:33.706,223.093,1
26346,1124,815,9,11,2,2,2,2,18.0,53,+12.535,6876101,35,3,1:33.945,222.525,1
26347,1124,832,6,55,4,3,3,3,15.0,53,+20.866,6884432,46,2,1:33.841,222.772,1
26348,1124,844,6,16,8,4,4,4,12.0,53,+26.522,6890088,53,9,1:35.044,219.952,1
26349,1124,846,1,4,3,5,5,5,10.0,53,+29.700,6893266,1,10,1:35.186,219.624,1
26350,1124,4,117,14,5,6,6,6,8.0,53,+44.272,6907838,53,6,1:34.726,220.691,1
26351,1124,847,131,63,9,7,7,7,6.0,53,+45.951,6909517,39,5,1:34.404,221.444,1
26352,1124,857,1,81,6,8,8,8,4.0,53,+47.525,6911091,1,7,1:34.802,220.514,1
26353,1124,1,131,44,7,9,9,9,2.0,53,+48.626,6912192,41,4,1:33.952,222.509,1
26354,1124,852,215,22,10,10,10,10,1.0,52,\N,\N,51,14,1:36.342,216.989,11
26355,1124,807,210,27,12,11,11,11,0.0,52,\N,\N,52,11,1:35.325,219.304,11
26356,1124,840,117,18,16,12,12,12,0.0,52,\N,\N,41,12,1:35.798,218.221,11
26357,1124,825,210,20,18,13,13,13,0.0,52,\N,\N,24,17,1:36.654,216.289,11
26358,1124,822,15,77,13,14,14,14,0.0,52,\N,\N,25,15,1:36.608,216.392,11
26359,1124,839,214,31,15,15,15,15,0.0,52,\N,\N,52,13,1:36.232,217.237,11
26360,1124,842,214,10,17,16,16,16,0.0,52,\N,\N,48,16,1:36.642,216.315,11
26361,1124,858,3,2,19,17,17,17,0.0,52,\N,\N,43,8,1:34.900,220.286,11
26362,1124,855,15,24,20,\N,R,18,0.0,12,\N,\N,9,18,1:37.160,215.162,6
26363,1124,817,215,3,11,\N,R,19,0.0,0,\N,\N,\N,0,\N,\N,3
26364,1124,848,3,23,14,\N,R,20,0.0,0,\N,\N,\N,0,\N,\N,3
26365,1125,830,9,1,1,1,1,1,25.0,56,1:40:52.554,6052554,33,2,1:38.406,199.414,1
26366,1125,846,1,4,4,2,2,2,18.0,56,+13.773,6066327,1,4,1:38.751,198.717,1
26367,1125,815,9,11,2,3,3,3,15.0,56,+19.160,6071714,33,7,1:39.388,197.444,1
26368,1125,844,6,16,6,4,4,4,12.0,56,+23.623,6076177,33,6,1:39.384,197.452,1
26369,1125,832,6,55,7,5,5,5,10.0,56,+33.983,6086537,19,10,1:39.764,196.700,1
26370,1125,847,131,63,8,6,6,6,8.0,56,+38.724,6091278,39,11,1:40.112,196.016,1
26371,1125,4,117,14,3,7,7,7,7.0,56,+43.414,6095968,45,1,1:37.810,200.629,1
26372,1125,857,1,81,5,8,8,8,4.0,56,+56.198,6108752,1,9,1:39.739,196.749,1
26373,1125,1,131,44,18,9,9,9,2.0,56,+57.986,6110540,34,14,1:40.835,194.610,1
26374,1125,807,210,27,9,10,10,10,1.0,56,+1:00.476,6113030,32,13,1:40.815,194.649,1
26375,1125,839,214,31,13,11,11,11,0.0,56,+1:02.812,6115366,33,15,1:40.937,194.414,1
26376,1125,848,3,23,14,12,12,12,0.0,56,+1:05.506,6118060,34,12,1:40.790,194.697,1
26377,1125,842,214,10,15,13,13,13,0.0,56,+1:09.223,6121777,40,5,1:39.198,197.822,1
26378,1125,855,15,24,16,14,14,14,0.0,56,+1:11.689,6124243,42,3,1:38.633,198.955,1
26379,1125,840,117,18,11,15,15,15,0.0,56,+1:22.786,6135340,37,8,1:39.444,197.333,1
26380,1125,825,210,20,17,16,16,16,0.0,56,+1:27.533,6140087,45,18,1:41.077,194.145,1
26381,1125,858,3,2,20,17,17,17,0.0,56,+1:35.110,6147664,14,17,1:41.000,194.293,1
26382,1125,817,215,3,12,\N,R,18,0.0,33,\N,\N,16,16,1:40.994,194.304,31
26383,1125,852,215,22,19,\N,R,19,0.0,26,\N,\N,11,20,1:41.593,193.158,31
26384,1125,822,15,77,10,\N,R,20,0.0,19,\N,\N,11,19,1:41.276,193.763,31
26385,1126,846,1,4,5,1,1,1,25.0,57,1:30:49.876,5449876,55,5,1:30.980,214.148,1
26386,1126,830,9,1,1,2,2,2,18.0,57,+7.612,5457488,48,8,1:31.261,213.488,1
26387,1126,844,6,16,2,3,3,3,15.0,57,+9.920,5459796,56,6,1:31.084,213.903,1
26388,1126,815,9,11,4,4,4,4,12.0,57,+14.650,5464526,55,3,1:30.855,214.442,1
26389,1126,832,6,55,3,5,5,5,10.0,57,+16.407,5466283,55,4,1:30.928,214.270,1
26390,1126,1,131,44,8,6,6,6,8.0,57,+16.585,5466461,54,7,1:31.233,213.554,1
26391,1126,852,215,22,10,7,7,7,6.0,57,+26.185,5476061,55,10,1:31.682,212.508,1
26392,1126,847,131,63,7,8,8,8,4.0,57,+34.789,5484665,43,13,1:31.921,211.955,1
26393,1126,4,117,14,15,9,9,9,2.0,57,+37.107,5486983,55,11,1:31.727,212.404,1
26394,1126,839,214,31,13,10,10,10,1.0,57,+39.746,5489622,51,16,1:32.037,211.688,1
26395,1126,807,210,27,9,11,11,11,0.0,57,+40.789,5490665,56,14,1:31.941,211.909,1
26396,1126,842,214,10,12,12,12,12,0.0,57,+44.958,5494834,56,17,1:32.055,211.647,1
26397,1126,857,1,81,6,13,13,13,0.0,57,+49.756,5499632,43,1,1:30.634,214.965,1
26398,1126,855,15,24,19,14,14,14,0.0,57,+49.979,5499855,56,15,1:31.991,211.794,1
26399,1126,817,215,3,20,15,15,15,0.0,57,+50.956,5500832,57,19,1:32.122,211.493,1
26400,1126,822,15,77,16,16,16,16,0.0,57,+52.356,5502232,55,18,1:32.098,211.548,1
26401,1126,840,117,18,11,17,17,17,0.0,57,+55.173,5505049,57,9,1:31.588,212.726,1
26402,1126,848,3,23,14,18,18,18,0.0,57,+1:16.091,5525967,55,2,1:30.849,214.456,1
26403,1126,825,210,20,18,19,19,19,0.0,57,+1:24.683,5534559,33,12,1:31.774,212.295,1
26404,1126,858,3,2,17,\N,R,20,0.0,27,\N,\N,15,20,1:33.452,208.483,4
26405,1127,830,9,1,1,1,1,1,25.0,63,1:25:25.252,5125252,38,9,1:20.366,219.898,1
26406,1127,846,1,4,2,2,2,2,18.0,63,+0.725,5125977,54,6,1:19.994,220.921,1
26407,1127,844,6,16,3,3,3,3,15.0,63,+7.916,5133168,27,5,1:19.935,221.084,1
26408,1127,857,1,81,5,4,4,4,12.0,63,+14.132,5139384,25,4,1:19.907,221.162,1
26409,1127,832,6,55,4,5,5,5,10.0,63,+22.325,5147577,63,7,1:20.220,220.299,1
26410,1127,1,131,44,8,6,6,6,8.0,63,+35.104,5160356,43,8,1:20.331,219.994,1
26411,1127,847,131,63,6,7,7,7,7.0,63,+47.154,5172406,54,1,1:18.589,224.871,1
26412,1127,815,9,11,11,8,8,8,4.0,63,+54.776,5180028,52,3,1:19.686,221.775,1
26413,1127,840,117,18,13,9,9,9,2.0,63,+1:19.556,5204808,58,10,1:20.570,219.342,1
26414,1127,852,215,22,7,10,10,10,1.0,62,\N,\N,14,11,1:20.936,218.350,11
26415,1127,807,210,27,10,11,11,11,0.0,62,\N,\N,3,20,1:21.700,216.308,11
26416,1127,825,210,20,18,12,12,12,0.0,62,\N,\N,58,12,1:21.009,218.153,11
26417,1127,817,215,3,9,13,13,13,0.0,62,\N,\N,13,19,1:21.569,216.655,11
26418,1127,839,214,31,12,14,14,14,0.0,62,\N,\N,37,16,1:21.304,217.361,11
26419,1127,855,15,24,17,15,15,15,0.0,62,\N,\N,37,13,1:21.016,218.134,11
26420,1127,842,214,10,15,16,16,16,0.0,62,\N,\N,10,17,1:21.371,217.183,11
26421,1127,858,3,2,19,17,17,17,0.0,62,\N,\N,55,14,1:21.229,217.562,11
26422,1127,822,15,77,16,18,18,18,0.0,62,\N,\N,11,18,1:21.455,216.959,11
26423,1127,4,117,14,20,19,19,19,0.0,62,\N,\N,62,2,1:19.004,223.689,11
26424,1127,848,3,23,14,\N,R,20,0.0,51,\N,\N,48,15,1:21.274,217.442,31
26425,1128,844,6,16,1,1,1,1,25.0,78,2:23:15.554,8595554,\N,0,\N,\N,1
26426,1128,857,1,81,2,2,2,2,18.0,78,+7.152,8602706,\N,0,\N,\N,1
26427,1128,832,6,55,3,3,3,3,15.0,78,+7.585,8603139,\N,0,\N,\N,1
26428,1128,846,1,4,4,4,4,4,12.0,78,+8.650,8604204,\N,0,\N,\N,1
26429,1128,847,131,63,5,5,5,5,10.0,78,+13.309,8608863,\N,0,\N,\N,1
26430,1128,830,9,1,6,6,6,6,8.0,78,+13.853,8609407,\N,0,\N,\N,1
26431,1128,1,131,44,7,7,7,7,7.0,78,+14.908,8610462,\N,0,\N,\N,1
26432,1128,852,215,22,8,8,8,8,4.0,77,\N,\N,\N,0,\N,\N,11
26433,1128,848,3,23,9,9,9,9,2.0,77,\N,\N,\N,0,\N,\N,11
26434,1128,842,214,10,10,10,10,10,1.0,77,\N,\N,\N,0,\N,\N,11
26435,1128,4,117,14,14,11,11,11,0.0,76,\N,\N,\N,0,\N,\N,12
26436,1128,817,215,3,12,12,12,12,0.0,76,\N,\N,\N,0,\N,\N,12
26437,1128,822,15,77,17,13,13,13,0.0,76,\N,\N,\N,0,\N,\N,12
26438,1128,840,117,18,13,14,14,14,0.0,76,\N,\N,\N,0,\N,\N,12
26439,1128,858,3,2,15,15,15,15,0.0,76,\N,\N,\N,0,\N,\N,12
26440,1128,855,15,24,18,16,16,16,0.0,76,\N,\N,\N,0,\N,\N,12
26441,1128,839,214,31,11,\N,R,17,0.0,0,\N,\N,\N,0,\N,\N,4
26442,1128,815,9,11,16,\N,R,18,0.0,0,\N,\N,\N,0,\N,\N,4
26443,1128,807,210,27,19,\N,R,19,0.0,0,\N,\N,\N,0,\N,\N,4
26444,1128,825,210,20,20,\N,R,20,0.0,0,\N,\N,\N,0,\N,\N,4
26445,1129,830,9,1,2,1,1,1,25.0,70,1:45:47.927,6347927,70,4,1:15.569,207.751,1
26446,1129,846,1,4,3,2,2,2,18.0,70,+3.879,6351806,67,3,1:15.558,207.782,1
26447,1129,847,131,63,1,3,3,3,15.0,70,+4.317,6352244,70,2,1:14.895,209.621,1
26448,1129,1,131,44,7,4,4,4,13.0,70,+4.915,6352842,70,1,1:14.856,209.730,1
26449,1129,857,1,81,4,5,5,5,10.0,70,+10.199,6358126,65,5,1:16.247,205.904,1
26450,1129,4,117,14,6,6,6,6,8.0,70,+17.510,6365437,70,6,1:16.303,205.753,1
26451,1129,840,117,18,9,7,7,7,6.0,70,+23.625,6371552,70,9,1:16.762,204.523,1
26452,1129,817,215,3,5,8,8,8,4.0,70,+28.672,6376599,68,12,1:17.076,203.689,1
26453,1129,842,214,10,15,9,9,9,2.0,70,+30.021,6377948,70,11,1:17.013,203.856,1
26454,1129,839,214,31,18,10,10,10,1.0,70,+30.313,6378240,70,10,1:17.012,203.859,1
26455,1129,807,210,27,17,11,11,11,0.0,70,+30.824,6378751,67,8,1:16.683,204.733,1
26456,1129,825,210,20,14,12,12,12,0.0,70,+31.253,6379180,68,7,1:16.499,205.226,1
26457,1129,822,15,77,0,13,13,13,0.0,70,+40.487,6388414,65,13,1:17.250,203.231,1
26458,1129,852,215,22,8,14,14,14,0.0,70,+52.694,6400621,70,14,1:17.309,203.075,1
26459,1129,855,15,24,0,15,15,15,0.0,69,\N,\N,68,15,1:17.325,203.033,11
26460,1129,832,6,55,12,\N,R,16,0.0,52,\N,\N,51,17,1:18.957,198.837,4
26461,1129,848,3,23,10,\N,R,17,0.0,52,\N,\N,51,18,1:19.359,197.830,4
26462,1129,815,9,11,16,\N,R,18,0.0,51,\N,\N,51,16,1:18.819,199.185,3
26463,1129,844,6,16,11,\N,R,19,0.0,40,\N,\N,39,19,1:26.012,182.528,5
26464,1129,858,3,2,13,\N,R,20,0.0,23,\N,\N,19,20,1:26.484,181.531,3
26465,1130,830,9,1,2,1,1,1,25.0,66,1:28:20.227,5300227,54,2,1:17.776,215.557,1
26466,1130,846,1,4,1,2,2,2,19.0,66,+2.219,5302446,51,1,1:17.115,217.405,1
26467,1130,1,131,44,3,3,3,3,15.0,66,+17.790,5318017,46,4,1:17.809,215.466,1
26468,1130,847,131,63,4,4,4,4,12.0,66,+22.320,5322547,50,7,1:18.290,214.142,1
26469,1130,844,6,16,5,5,5,5,10.0,66,+22.709,5322936,52,6,1:17.897,215.222,1
26470,1130,832,6,55,6,6,6,6,8.0,66,+31.028,5331255,39,9,1:18.539,213.463,1
26471,1130,857,1,81,9,7,7,7,6.0,66,+33.760,5333987,56,5,1:17.874,215.286,1
26472,1130,815,9,11,11,8,8,8,4.0,66,+59.524,5359751,51,3,1:17.785,215.532,1
26473,1130,842,214,10,7,9,9,9,2.0,66,+1:02.025,5362252,51,13,1:19.045,212.096,1
26474,1130,839,214,31,8,10,10,10,1.0,66,+1:11.889,5372116,54,12,1:18.982,212.266,1
26475,1130,807,210,27,13,11,11,11,0.0,66,+1:19.215,5379442,49,10,1:18.609,213.273,1
26476,1130,4,117,14,10,12,12,12,0.0,65,\N,\N,50,8,1:18.334,214.022,11
26477,1130,855,15,24,15,13,13,13,0.0,65,\N,\N,50,11,1:18.771,212.834,11
26478,1130,840,117,18,14,14,14,14,0.0,65,\N,\N,50,15,1:19.318,211.366,11
26479,1130,817,215,3,18,15,15,15,0.0,65,\N,\N,61,17,1:19.450,211.015,11
26480,1130,822,15,77,12,16,16,16,0.0,65,\N,\N,13,18,1:19.608,210.596,11
26481,1130,825,210,20,16,17,17,17,0.0,65,\N,\N,33,19,1:19.805,210.077,11
26482,1130,848,3,23,0,18,18,18,0.0,65,\N,\N,45,14,1:19.132,211.863,11
26483,1130,852,215,22,17,19,19,19,0.0,65,\N,\N,56,16,1:19.447,211.023,11
26484,1130,858,3,2,19,20,20,20,0.0,64,\N,\N,38,20,1:20.172,209.115,12
26485,1131,847,131,63,3,1,1,1,25.0,71,1:24:22.798,5062798,48,5,1:09.164,224.752,1
26486,1131,857,1,81,7,2,2,2,18.0,71,+1.906,5064704,56,4,1:08.697,226.280,1
26487,1131,832,6,55,4,3,3,3,15.0,71,+4.533,5067331,56,6,1:09.282,224.369,1
26488,1131,1,131,44,5,4,4,4,12.0,71,+23.142,5085940,61,7,1:09.562,223.466,1
26489,1131,830,9,1,1,5,5,5,10.0,71,+37.253,5100051,68,2,1:07.719,229.548,1
26490,1131,807,210,27,9,6,6,6,8.0,71,+54.088,5116886,51,14,1:10.215,221.388,1
26491,1131,815,9,11,8,7,7,7,6.0,71,+54.672,5117470,56,11,1:09.694,223.043,1
26492,1131,825,210,20,12,8,8,8,4.0,71,+1:00.355,5123153,45,12,1:10.125,221.672,1
26493,1131,817,215,3,11,9,9,9,2.0,71,+1:01.169,5123967,49,18,1:10.426,220.725,1
26494,1131,842,214,10,13,10,10,10,1.0,71,+1:01.766,5124564,45,9,1:09.609,223.315,1
26495,1131,844,6,16,6,11,11,11,0.0,71,+1:07.056,5129854,55,8,1:09.584,223.396,1
26496,1131,839,214,31,10,12,12,12,0.0,71,+1:08.325,5131123,45,10,1:09.649,223.187,1
26497,1131,840,117,18,17,13,13,13,0.0,70,\N,\N,54,13,1:10.143,221.615,11
26498,1131,852,215,22,14,14,14,14,0.0,70,\N,\N,54,15,1:10.318,221.064,11
26499,1131,848,3,23,16,15,15,15,0.0,70,\N,\N,41,16,1:10.364,220.919,11
26500,1131,822,15,77,18,16,16,16,0.0,70,\N,\N,48,19,1:10.449,220.653,11
26501,1131,855,15,24,20,17,17,17,0.0,70,\N,\N,54,20,1:10.470,220.587,11
26502,1131,4,117,14,15,18,18,18,0.0,70,\N,\N,70,1,1:07.694,229.633,11
26503,1131,858,3,2,19,19,19,19,0.0,69,\N,\N,60,17,1:10.406,220.788,12
26504,1131,846,1,4,2,20,20,20,0.0,64,\N,\N,53,3,1:08.016,228.546,17
26505,1132,1,131,44,2,1,1,1,25.0,52,1:22:27.059,4947059,45,5,1:29.438,237.120,1
26506,1132,830,9,1,4,2,2,2,18.0,52,+1.465,4948524,48,3,1:28.952,238.416,1
26507,1132,846,1,4,3,3,3,3,15.0,52,+7.547,4954606,43,4,1:29.262,237.588,1
26508,1132,857,1,81,5,4,4,4,12.0,52,+12.429,4959488,51,2,1:28.748,238.964,1
26509,1132,832,6,55,7,5,5,5,11.0,52,+47.318,4994377,52,1,1:28.293,240.195,1
26510,1132,807,210,27,6,6,6,6,8.0,52,+55.722,5002781,43,10,1:29.836,236.070,1
26511,1132,840,117,18,8,7,7,7,6.0,52,+56.569,5003628,46,11,1:29.897,235.909,1
26512,1132,4,117,14,10,8,8,8,4.0,52,+1:03.577,5010636,47,7,1:29.710,236.401,1
26513,1132,848,3,23,9,9,9,9,2.0,52,+1:08.387,5015446,52,8,1:29.718,236.380,1
26514,1132,852,215,22,13,10,10,10,1.0,52,+1:19.303,5026362,43,14,1:30.229,235.041,1
26515,1132,858,3,2,12,11,11,11,0.0,52,+1:28.960,5036019,42,12,1:29.972,235.713,1
26516,1132,825,210,20,17,12,12,12,0.0,52,+1:30.153,5037212,42,13,1:30.093,235.396,1
26517,1132,817,215,3,15,13,13,13,0.0,51,\N,\N,47,15,1:30.735,233.731,11
26518,1132,844,6,16,11,14,14,14,0.0,51,\N,\N,43,9,1:29.748,236.301,11
26519,1132,822,15,77,16,15,15,15,0.0,51,\N,\N,44,18,1:31.277,232.343,11
26520,1132,839,214,31,18,16,16,16,0.0,50,\N,\N,46,16,1:30.875,233.371,12
26521,1132,815,9,11,0,17,17,17,0.0,50,\N,\N,50,6,1:29.707,236.409,12
26522,1132,855,15,24,14,18,18,18,0.0,50,\N,\N,43,17,1:31.014,233.014,12
26523,1132,847,131,63,1,\N,R,19,0.0,33,\N,\N,3,19,1:31.298,232.289,34
26524,1132,842,214,10,19,\N,W,20,0.0,0,\N,\N,\N,0,\N,\N,6
26525,1133,857,1,81,2,1,1,1,25.0,70,1:38:01.989,5881989,51,8,1:21.716,193.005,1
26526,1133,846,1,4,1,2,2,2,18.0,70,+2.141,5884130,50,7,1:21.712,193.014,1
26527,1133,1,131,44,5,3,3,3,15.0,70,+14.880,5896869,54,9,1:22.153,191.978,1
26528,1133,844,6,16,6,4,4,4,12.0,70,+19.686,5901675,29,10,1:22.182,191.910,1
26529,1133,830,9,1,3,5,5,5,10.0,70,+21.349,5903338,51,3,1:20.908,194.932,1
26530,1133,832,6,55,4,6,6,6,8.0,70,+23.073,5905062,53,5,1:21.441,193.656,1
26531,1133,815,9,11,16,7,7,7,6.0,70,+39.792,5921781,49,4,1:21.096,194.480,1
26532,1133,847,131,63,17,8,8,8,5.0,70,+42.368,5924357,55,1,1:20.305,196.396,1
26533,1133,852,215,22,10,9,9,9,2.0,70,+1:17.259,5959248,57,18,1:23.533,188.806,1
26534,1133,840,117,18,8,10,10,10,1.0,70,+1:17.976,5959965,48,11,1:22.338,191.547,1
26535,1133,4,117,14,7,11,11,11,0.0,70,+1:22.460,5964449,52,14,1:23.063,189.875,1
26536,1133,817,215,3,9,12,12,12,0.0,69,\N,\N,30,12,1:22.640,190.847,11
26537,1133,807,210,27,11,13,13,13,0.0,69,\N,\N,54,16,1:23.461,188.969,11
26538,1133,848,3,23,13,14,14,14,0.0,69,\N,\N,31,20,1:23.930,187.913,11
26539,1133,825,210,20,15,15,15,15,0.0,69,\N,\N,50,19,1:23.553,188.761,11
26540,1133,822,15,77,12,16,16,16,0.0,69,\N,\N,52,13,1:22.792,190.496,11
26541,1133,858,3,2,14,17,17,17,0.0,69,\N,\N,65,2,1:20.561,195.772,11
26542,1133,839,214,31,19,18,18,18,0.0,69,\N,\N,66,6,1:21.610,193.255,11
26543,1133,855,15,24,18,19,19,19,0.0,69,\N,\N,38,17,1:23.487,188.910,11
26544,1133,842,214,10,0,\N,R,20,0.0,33,\N,\N,31,15,1:23.340,189.244,9
26545,1134,1,131,44,3,1,1,1,25.0,44,+0.526,526,33,6,1:46.653,236.415,1
26546,1134,857,1,81,5,2,2,2,18.0,44,+1.173,1699,32,3,1:45.840,238.231,1
26547,1134,844,6,16,1,3,3,3,15.0,44,+8.549,9075,33,8,1:47.013,235.619,1
26548,1134,830,9,1,11,4,4,4,12.0,44,+9.226,9752,32,4,1:46.128,237.584,1
26549,1134,846,1,4,4,5,5,5,10.0,44,+9.850,10376,31,2,1:45.563,238.856,1
26550,1134,832,6,55,7,6,6,6,8.0,44,+19.795,20321,44,5,1:46.364,237.057,1
26551,1134,815,9,11,2,7,7,7,7.0,44,+43.195,43721,44,1,1:44.701,240.822,1
26552,1134,4,117,14,8,8,8,8,4.0,44,+49.963,50489,42,17,1:48.051,233.356,1
26553,1134,839,214,31,9,9,9,9,2.0,44,+52.552,53078,43,7,1:46.957,235.743,1
26554,1134,817,215,3,13,10,10,10,1.0,44,+54.926,55452,37,12,1:47.435,234.694,1
26555,1134,840,117,18,15,11,11,11,0.0,44,+1:03.011,63537,44,18,1:48.105,233.239,1
26556,1134,848,3,23,10,12,12,12,0.0,44,+1:03.651,64177,44,16,1:47.996,233.475,1
26557,1134,842,214,10,12,13,13,13,0.0,44,+1:04.365,64891,30,11,1:47.418,234.731,1
26558,1134,825,210,20,17,14,14,14,0.0,44,+1:06.631,67157,44,14,1:47.848,233.795,1
26559,1134,822,15,77,14,15,15,15,0.0,44,+1:10.638,71164,37,9,1:47.019,235.606,1
26560,1134,852,215,22,20,16,16,16,0.0,44,+1:16.737,77263,44,15,1:47.969,233.533,1
26561,1134,858,3,2,18,17,17,17,0.0,44,+1:26.057,86583,43,13,1:47.490,234.574,1
26562,1134,807,210,27,16,18,18,18,0.0,44,+1:28.833,89359,44,19,1:48.954,231.422,1
26563,1134,855,15,24,19,\N,R,19,0.0,5,\N,\N,2,20,1:52.099,224.929,31
26564,1134,847,131,63,6,\N,D,20,0.0,44,1:19:57.040,4797566,44,10,1:47.113,235.399,2
26565,1135,846,1,4,1,1,1,1,26.0,72,1:30:45.519,5445519,72,1,1:13.817,207.708,1
26566,1135,830,9,1,2,2,2,2,18.0,72,+22.896,5468415,30,9,1:14.752,205.110,1
26567,1135,844,6,16,6,3,3,3,15.0,72,+25.439,5470958,62,7,1:14.585,205.569,1
26568,1135,857,1,81,3,4,4,4,12.0,72,+27.337,5472856,36,5,1:14.237,206.533,1
26569,1135,832,6,55,10,5,5,5,10.0,72,+32.137,5477656,40,4,1:14.117,206.867,1
26570,1135,815,9,11,5,6,6,6,8.0,72,+39.542,5485061,69,8,1:14.587,205.563,1
26571,1135,847,131,63,4,7,7,7,6.0,72,+44.617,5490136,57,3,1:13.927,207.399,1
26572,1135,1,131,44,14,8,8,8,4.0,72,+49.599,5495118,62,2,1:13.878,207.536,1
26573,1135,842,214,10,9,9,9,9,2.0,71,\N,\N,54,11,1:14.855,204.828,11
26574,1135,4,117,14,7,10,10,10,1.0,71,\N,\N,34,10,1:14.758,205.093,11
26575,1135,807,210,27,12,11,11,11,0.0,71,\N,\N,59,18,1:15.657,202.656,11
26576,1135,817,215,3,13,12,12,12,0.0,71,\N,\N,52,13,1:15.222,203.828,11
26577,1135,840,117,18,8,13,13,13,0.0,71,\N,\N,51,14,1:15.255,203.739,11
26578,1135,848,3,23,19,14,14,14,0.0,71,\N,\N,71,6,1:14.434,205.986,11
26579,1135,839,214,31,15,15,15,15,0.0,71,\N,\N,50,15,1:15.390,203.374,11
26580,1135,858,3,2,18,16,16,16,0.0,71,\N,\N,26,16,1:15.539,202.973,11
26581,1135,852,215,22,11,17,17,17,0.0,71,\N,\N,16,17,1:15.552,202.938,11
26582,1135,825,210,20,0,18,18,18,0.0,71,\N,\N,42,12,1:14.954,204.557,11
26583,1135,822,15,77,16,19,19,19,0.0,70,\N,\N,45,20,1:15.822,202.215,12
26584,1135,855,15,24,17,20,20,20,0.0,70,\N,\N,67,19,1:15.724,202.477,12
26585,1136,844,6,16,4,1,1,1,25.0,53,1:14:40.727,4480727,33,10,1:23.226,250.580,1
26586,1136,857,1,81,2,2,2,2,18.0,53,+2.664,4483391,53,4,1:21.943,254.503,1
26587,1136,846,1,4,1,3,3,3,16.0,53,+6.153,4486880,53,1,1:21.432,256.100,1
26588,1136,832,6,55,5,4,4,4,12.0,53,+15.621,4496348,53,9,1:23.219,250.601,1
26589,1136,1,131,44,6,5,5,5,10.0,53,+22.820,4503547,53,2,1:21.512,255.849,1
26590,1136,830,9,1,7,6,6,6,8.0,53,+37.932,4518659,43,3,1:21.745,255.120,1
26591,1136,847,131,63,3,7,7,7,6.0,53,+39.715,4520442,49,5,1:22.036,254.215,1
26592,1136,815,9,11,8,8,8,8,4.0,53,+54.148,4534875,47,8,1:22.971,251.350,1
26593,1136,848,3,23,9,9,9,9,2.0,53,+1:07.456,4548183,53,16,1:23.918,248.514,1
26594,1136,825,210,20,13,10,10,10,1.0,53,+1:08.302,4549029,51,12,1:23.437,249.946,1
26595,1136,4,117,14,11,11,11,11,0.0,53,+1:08.495,4549222,46,7,1:22.944,251.432,1
26596,1136,861,3,43,18,12,12,12,0.0,53,+1:21.308,4562035,53,14,1:23.728,249.077,1
26597,1136,817,215,3,12,13,13,13,0.0,53,+1:33.452,4574179,52,17,1:24.219,247.625,1
26598,1136,839,214,31,15,14,14,14,0.0,52,\N,\N,52,18,1:24.343,247.261,11
26599,1136,842,214,10,14,15,15,15,0.0,52,\N,\N,51,15,1:23.755,248.997,11
26600,1136,822,15,77,19,16,16,16,0.0,52,\N,\N,52,13,1:23.609,249.432,11
26601,1136,807,210,27,10,17,17,17,0.0,52,\N,\N,44,11,1:23.275,250.432,11
26602,1136,855,15,24,20,18,18,18,0.0,52,\N,\N,17,19,1:25.092,245.085,11
26603,1136,840,117,18,17,19,19,19,0.0,52,\N,\N,52,6,1:22.232,253.609,11
26604,1136,852,215,22,16,\N,R,20,0.0,7,\N,\N,4,20,1:26.198,241.940,25
26605,1137,857,1,81,2,1,1,1,25.0,51,1:32:58.007,5578007,47,9,1:47.060,201.856,1
26606,1137,844,6,16,1,2,2,2,18.0,51,+10.910,5588917,44,10,1:47.067,201.843,1
26607,1137,847,131,63,5,3,3,3,15.0,51,+31.328,5609335,45,2,1:46.628,202.674,1
26608,1137,846,1,4,15,4,4,4,13.0,51,+36.143,5614150,42,1,1:45.255,205.318,1
26609,1137,830,9,1,6,5,5,5,10.0,51,+1:17.098,5655105,42,3,1:46.798,202.352,1
26610,1137,4,117,14,7,6,6,6,8.0,51,+1:25.468,5663475,48,8,1:47.057,201.862,1
26611,1137,848,3,23,9,7,7,7,6.0,51,+1:27.396,5665403,43,5,1:46.947,202.070,1
26612,1137,861,3,43,8,8,8,8,4.0,51,+1:29.541,5667548,44,12,1:47.274,201.454,1
26613,1137,1,131,44,0,9,9,9,2.0,51,+1:32.401,5670408,48,11,1:47.236,201.525,1
26614,1137,860,210,50,10,10,10,10,1.0,51,+1:33.127,5671134,47,7,1:47.048,201.879,1
26615,1137,807,210,27,12,11,11,11,0.0,51,+1:33.465,5671472,42,14,1:47.691,200.674,1
26616,1137,842,214,10,18,12,12,12,0.0,51,+1:57.189,5695196,47,15,1:48.018,200.066,1
26617,1137,817,215,3,14,13,13,13,0.0,51,+2:26.907,5724914,39,17,1:48.380,199.398,1
26618,1137,855,15,24,17,14,14,14,0.0,51,+2:28.841,5726848,43,13,1:47.644,200.761,1
26619,1137,839,214,31,0,15,15,15,0.0,50,\N,\N,35,19,1:48.831,198.572,11
26620,1137,822,15,77,16,16,16,16,0.0,50,\N,\N,41,18,1:48.418,199.328,11
26621,1137,815,9,11,4,17,17,17,0.0,49,\N,\N,46,6,1:47.013,201.945,31
26622,1137,832,6,55,3,18,18,18,0.0,49,\N,\N,46,4,1:46.866,202.223,31
26623,1137,840,117,18,13,19,19,19,0.0,45,\N,\N,31,16,1:48.148,199.826,31
26624,1137,852,215,22,11,\N,R,20,0.0,14,\N,\N,8,20,1:50.887,194.890,31
26625,1138,846,1,4,1,1,1,1,25.0,62,1:40:52.571,6052571,48,2,1:34.925,187.347,1
26626,1138,830,9,1,2,2,2,2,18.0,62,+20.945,6073516,59,5,1:35.967,185.313,1
26627,1138,857,1,81,5,3,3,3,15.0,62,+41.823,6094394,48,4,1:35.745,185.743,1
26628,1138,847,131,63,4,4,4,4,12.0,62,+1:01.040,6113611,30,10,1:37.047,183.251,1
26629,1138,844,6,16,9,5,5,5,10.0,62,+1:02.430,6115001,46,3,1:35.371,186.471,1
26630,1138,1,131,44,3,6,6,6,8.0,62,+1:25.248,6137819,43,12,1:37.393,182.600,1
26631,1138,832,6,55,10,7,7,7,6.0,62,+1:36.039,6148610,15,7,1:36.561,184.173,1
26632,1138,4,117,14,7,8,8,8,4.0,61,\N,\N,54,18,1:37.741,181.950,11
26633,1138,807,210,27,6,9,9,9,2.0,61,\N,\N,35,15,1:37.470,182.456,11
26634,1138,815,9,11,13,10,10,10,1.0,61,\N,\N,33,16,1:37.477,182.443,11
26635,1138,861,3,43,12,11,11,11,0.0,61,\N,\N,35,11,1:37.262,182.846,11
26636,1138,852,215,22,8,12,12,12,0.0,61,\N,\N,53,6,1:36.393,184.494,11
26637,1138,839,214,31,15,13,13,13,0.0,61,\N,\N,48,20,1:37.964,181.536,11
26638,1138,840,117,18,17,14,14,14,0.0,61,\N,\N,36,19,1:37.851,181.745,11
26639,1138,855,15,24,20,15,15,15,0.0,61,\N,\N,47,14,1:37.461,182.472,11
26640,1138,822,15,77,19,16,16,16,0.0,61,\N,\N,46,17,1:37.524,182.355,11
26641,1138,842,214,10,18,17,17,17,0.0,61,\N,\N,46,9,1:36.927,183.478,11
26642,1138,817,215,3,16,18,18,18,0.0,61,\N,\N,60,1,1:34.486,188.218,11
26643,1138,825,210,20,14,19,19,19,0.0,57,\N,\N,52,13,1:37.425,182.540,3
26644,1138,848,3,23,11,\N,R,20,0.0,15,\N,\N,13,8,1:36.888,183.552,131
26645,1139,844,6,16,4,1,1,1,25.0,56,1:35:09.639,5709639,39,6,1:37.834,202.861,1
26646,1139,832,6,55,3,2,2,2,18.0,56,+8.562,5718201,42,5,1:37.763,203.009,1
26647,1139,830,9,1,2,3,3,3,15.0,56,+19.412,5729051,42,9,1:38.117,202.276,1
26648,1139,846,1,4,1,4,4,4,12.0,56,+20.354,5729993,55,4,1:37.679,203.183,1
26649,1139,857,1,81,5,5,5,5,10.0,56,+21.921,5731560,42,7,1:37.883,202.760,1
26650,1139,847,131,63,20,6,6,6,8.0,56,+56.295,5765934,42,3,1:37.656,203.231,1
26651,1139,815,9,11,9,7,7,7,6.0,56,+59.072,5768711,45,13,1:38.514,201.461,1
26652,1139,807,210,27,11,8,8,8,4.0,56,+1:02.957,5772596,51,12,1:38.404,201.686,1
26653,1139,859,215,30,19,9,9,9,2.0,56,+1:10.563,5780202,54,8,1:38.091,202.330,1
26654,1139,861,3,43,15,10,10,10,1.0,56,+1:11.979,5781618,46,2,1:37.611,203.325,1
26655,1139,825,210,20,8,11,11,11,0.0,56,+1:19.782,5789421,56,10,1:38.210,202.085,1
26656,1139,842,214,10,6,12,12,12,0.0,56,+1:30.558,5800197,55,11,1:38.311,201.877,1
26657,1139,4,117,14,7,13,13,13,0.0,55,\N,\N,52,17,1:39.261,199.945,11
26658,1139,852,215,22,10,14,14,14,0.0,55,\N,\N,54,15,1:39.193,200.082,11
26659,1139,840,117,18,13,15,15,15,0.0,55,\N,\N,54,16,1:39.214,200.040,11
26660,1139,848,3,23,14,16,16,16,0.0,55,\N,\N,54,14,1:39.084,200.302,11
26661,1139,822,15,77,16,17,17,17,0.0,55,\N,\N,53,19,1:40.575,197.333,11
26662,1139,839,214,31,12,18,18,18,0.0,55,\N,\N,53,1,1:37.330,203.912,11
26663,1139,855,15,24,18,19,19,19,0.0,55,\N,\N,53,18,1:39.272,199.923,11
26664,1139,1,131,44,17,\N,R,20,0.0,1,\N,\N,\N,0,\N,\N,20
26665,1140,832,6,55,1,1,1,1,25.0,71,1:40:55.800,6055800,62,7,1:20.137,193.348,1
26666,1140,846,1,4,3,2,2,2,18.0,71,+4.705,6060505,68,4,1:19.691,194.430,1
26667,1140,844,6,16,4,3,3,3,16.0,71,+34.387,6090187,71,1,1:18.336,197.794,1
26668,1140,1,131,44,6,4,4,4,12.0,71,+44.780,6100580,31,8,1:20.371,192.785,1
26669,1140,847,131,63,5,5,5,5,10.0,71,+48.536,6104336,63,11,1:20.731,191.926,1
26670,1140,830,9,1,2,6,6,6,8.0,71,+59.558,6115358,53,13,1:20.872,191.591,1
26671,1140,825,210,20,7,7,7,7,6.0,71,+1:03.642,6119442,61,9,1:20.637,192.150,1
26672,1140,857,1,81,17,8,8,8,4.0,71,+1:04.928,6120728,65,5,1:20.064,193.525,1
26673,1140,807,210,27,10,9,9,9,2.0,70,\N,\N,69,12,1:20.748,191.885,11
26674,1140,842,214,10,8,10,10,10,1.0,70,\N,\N,67,15,1:21.274,190.643,11
26675,1140,840,117,18,14,11,11,11,0.0,70,\N,\N,55,16,1:21.311,190.557,11
26676,1140,861,3,43,16,12,12,12,0.0,70,\N,\N,50,6,1:20.090,193.462,11
26677,1140,839,214,31,0,13,13,13,0.0,70,\N,\N,70,10,1:20.659,192.097,11
26678,1140,822,15,77,15,14,14,14,0.0,70,\N,\N,57,14,1:21.085,191.088,11
26679,1140,855,15,24,19,15,15,15,0.0,70,\N,\N,56,17,1:21.553,189.991,11
26680,1140,859,215,30,12,16,16,16,0.0,70,\N,\N,67,3,1:19.502,194.893,11
26681,1140,815,9,11,18,17,17,17,0.0,70,\N,\N,70,2,1:19.209,195.614,11
26682,1140,4,117,14,13,\N,R,18,0.0,15,\N,\N,7,18,1:22.722,187.306,23
26683,1140,848,3,23,9,\N,R,19,0.0,0,\N,\N,\N,0,\N,\N,4
26684,1140,852,215,22,11,\N,R,20,0.0,0,\N,\N,\N,0,\N,\N,4
26685,1141,830,9,1,17,1,1,1,26.0,69,2:06:54.430,7614430,67,1,1:20.472,192.767,1
26686,1141,839,214,31,4,2,2,2,18.0,69,+19.477,7633907,64,7,1:21.771,189.705,1
26687,1141,842,214,10,13,3,3,3,15.0,69,+22.532,7636962,66,5,1:21.645,189.998,1
26688,1141,847,131,63,2,4,4,4,12.0,69,+23.265,7637695,66,6,1:21.645,189.998,1
26689,1141,844,6,16,6,5,5,5,10.0,69,+30.177,7644607,60,4,1:21.631,190.030,1
26690,1141,846,1,4,1,6,6,6,8.0,69,+31.372,7645802,67,2,1:21.517,190.296,1
26691,1141,852,215,22,3,7,7,7,6.0,69,+42.056,7656486,69,8,1:21.828,189.573,1
26692,1141,857,1,81,8,8,8,8,4.0,69,+44.943,7659373,69,3,1:21.532,190.261,1
26693,1141,859,215,30,5,9,9,9,2.0,69,+50.452,7664882,67,10,1:22.123,188.892,1
26694,1141,1,131,44,14,10,10,10,1.0,69,+50.753,7665183,69,9,1:22.041,189.081,1
26695,1141,815,9,11,12,11,11,11,0.0,69,+51.531,7665961,67,11,1:22.143,188.846,1
26696,1141,860,210,50,15,12,12,12,0.0,69,+57.085,7671515,64,13,1:22.494,188.042,1
26697,1141,822,15,77,11,13,13,13,0.0,69,+1:03.588,7678018,67,14,1:22.877,187.173,1
26698,1141,4,117,14,9,14,14,14,0.0,69,+1:18.049,7692479,59,12,1:22.293,188.502,1
26699,1141,855,15,24,19,15,15,15,0.0,69,+1:19.649,7694079,65,15,1:23.058,186.765,1
26700,1141,832,6,55,0,\N,R,16,0.0,38,\N,\N,19,17,1:24.201,184.230,3
26701,1141,861,3,43,16,\N,R,17,0.0,30,\N,\N,21,18,1:24.296,184.022,3
26702,1141,848,3,23,7,\N,W,18,0.0,0,\N,\N,\N,0,\N,\N,54
26703,1141,840,117,18,10,\N,W,19,0.0,0,\N,\N,\N,0,\N,\N,54
26704,1141,807,210,27,17,\N,D,20,0.0,0,\N,\N,21,16,1:23.764,185.191,2
26705,1142,847,131,63,1,1,1,1,25.0,50,1:22:05.969,4925969,46,4,1:35.717,233.225,1
26706,1142,1,131,44,10,2,2,2,18.0,50,+7.313,4933282,41,2,1:35.480,233.803,1
26707,1142,832,6,55,2,3,3,3,15.0,50,+11.906,4937875,44,5,1:35.875,232.840,1
26708,1142,844,6,16,4,4,4,4,12.0,50,+14.283,4940252,40,3,1:35.674,233.329,1
26709,1142,830,9,1,5,5,5,5,10.0,50,+16.582,4942551,43,6,1:36.248,231.938,1
26710,1142,846,1,4,6,6,6,6,9.0,50,+43.385,4969354,50,1,1:34.876,235.292,1
26711,1142,857,1,81,8,7,7,7,6.0,50,+51.365,4977334,44,13,1:36.598,231.097,1
26712,1142,807,210,27,9,8,8,8,4.0,50,+59.808,4985777,48,12,1:36.585,231.129,1
26713,1142,852,215,22,7,9,9,9,2.0,50,+1:02.808,4988777,48,16,1:36.957,230.242,1
26714,1142,815,9,11,15,10,10,10,1.0,50,+1:03.114,4989083,42,8,1:36.326,231.750,1
26715,1142,4,117,14,16,11,11,11,0.0,50,+1:09.195,4995164,39,10,1:36.553,231.205,1
26716,1142,825,210,20,12,12,12,12,0.0,50,+1:09.803,4995772,49,11,1:36.557,231.196,1
26717,1142,855,15,24,13,13,13,13,0.0,50,+1:14.085,5000054,46,7,1:36.324,231.755,1
26718,1142,861,3,43,0,14,14,14,0.0,50,+1:15.172,5001141,37,15,1:36.867,230.456,1
26719,1142,840,117,18,18,15,15,15,0.0,50,+1:24.102,5010071,43,18,1:37.179,229.716,1
26720,1142,859,215,30,14,16,16,16,0.0,50,+1:31.005,5016974,45,17,1:36.980,230.187,1
26721,1142,839,214,31,11,17,17,17,0.0,49,\N,\N,47,9,1:36.511,231.306,11
26722,1142,822,15,77,19,18,18,18,0.0,49,\N,\N,46,14,1:36.601,231.090,11
26723,1142,848,3,23,17,\N,R,19,0.0,25,\N,\N,21,19,1:38.008,227.773,21
26724,1142,842,214,10,3,\N,R,20,0.0,15,\N,\N,13,20,1:38.314,227.064,5
26725,1143,830,9,1,2,1,1,1,25.0,57,1:31:05.323,5465323,55,2,1:22.905,235.310,1
26726,1143,844,6,16,5,2,2,2,18.0,57,+6.031,5471354,53,4,1:23.242,234.357,1
26727,1143,857,1,81,4,3,3,3,15.0,57,+6.819,5472142,51,3,1:23.218,234.425,1
26728,1143,847,131,63,1,4,4,4,12.0,57,+14.104,5479427,50,5,1:23.355,234.039,1
26729,1143,842,214,10,11,5,5,5,10.0,57,+16.782,5482105,56,8,1:23.705,233.061,1
26730,1143,832,6,55,7,6,6,6,8.0,57,+17.476,5482799,52,6,1:23.465,233.731,1
26731,1143,4,117,14,8,7,7,7,6.0,57,+19.867,5485190,57,7,1:23.667,233.167,1
26732,1143,855,15,24,12,8,8,8,4.0,57,+25.360,5490683,57,10,1:23.889,232.550,1
26733,1143,825,210,20,10,9,9,9,2.0,57,+32.177,5497500,55,11,1:24.259,231.528,1
26734,1143,846,1,4,3,10,10,10,2.0,57,+35.762,5501085,56,1,1:22.384,236.798,1
26735,1143,822,15,77,13,11,11,11,0.0,57,+50.243,5515566,53,13,1:25.533,228.080,1
26736,1143,1,131,44,6,12,12,12,0.0,57,+56.122,5521445,52,9,1:23.865,232.616,1
26737,1143,852,215,22,14,13,13,13,0.0,57,+1:01.100,5526423,47,17,1:26.144,226.462,1
26738,1143,859,215,30,17,14,14,14,0.0,57,+1:02.656,5527979,46,16,1:26.076,226.641,1
26739,1143,848,3,23,16,15,15,15,0.0,56,\N,\N,47,14,1:25.559,228.011,11
26740,1143,807,210,27,18,\N,R,16,0.0,39,\N,\N,33,15,1:25.767,227.458,20
26741,1143,815,9,11,9,\N,R,17,0.0,38,\N,\N,31,12,1:25.288,228.735,20
26742,1143,840,117,18,15,\N,R,18,0.0,8,\N,\N,6,18,1:30.935,214.531,130
26743,1143,861,3,43,19,\N,R,19,0.0,0,\N,\N,\N,0,\N,\N,4
26744,1143,839,214,31,20,\N,R,20,0.0,0,\N,\N,\N,0,\N,\N,4
26745,1144,846,1,4,1,1,1,1,25.0,58,1:26:33.291,5193291,52,3,1:27.438,217.429,1
26746,1144,832,6,55,3,2,2,2,18.0,58,+5.832,5199123,55,5,1:27.765,216.619,1
26747,1144,844,6,16,19,3,3,3,15.0,58,+31.928,5225219,51,9,1:28.018,215.996,1
26748,1144,1,131,44,16,4,4,4,12.0,58,+36.483,5229774,44,2,1:27.278,217.828,1
26749,1144,847,131,63,6,5,5,5,10.0,58,+37.538,5230829,56,10,1:28.195,215.563,1
26750,1144,830,9,1,4,6,6,6,8.0,58,+49.847,5243138,56,6,1:27.765,216.619,1
26751,1144,842,214,10,5,7,7,7,6.0,58,+1:12.560,5265851,30,16,1:29.251,213.012,1
26752,1144,807,210,27,7,8,8,8,4.0,58,+1:15.554,5268845,17,14,1:29.152,213.249,1
26753,1144,4,117,14,8,9,9,9,2.0,58,+1:22.373,5275664,51,7,1:27.948,216.168,1
26754,1144,857,1,81,2,10,10,10,1.0,58,+1:23.821,5277112,51,4,1:27.690,216.804,1
26755,1144,848,3,23,18,11,11,11,0.0,57,\N,\N,46,18,1:29.438,212.567,11
26756,1144,852,215,22,11,12,12,12,0.0,57,\N,\N,41,15,1:29.200,213.134,11
26757,1144,855,15,24,15,13,13,13,0.0,57,\N,\N,56,8,1:27.982,216.085,11
26758,1144,840,117,18,13,14,14,14,0.0,57,\N,\N,42,11,1:28.604,214.568,11
26759,1144,862,214,61,17,15,15,15,0.0,57,\N,\N,56,13,1:29.121,213.323,11
26760,1144,825,210,20,14,16,16,16,0.0,57,\N,\N,57,1,1:25.637,222.002,11
26761,1144,859,215,30,12,17,17,17,0.0,55,\N,\N,52,12,1:28.751,214.212,5
26762,1144,822,15,77,9,\N,R,18,0.0,30,\N,\N,14,19,1:29.482,212.462,130
26763,1144,861,3,43,20,\N,R,19,0.0,26,\N,\N,5,17,1:29.411,212.631,5
26764,1144,815,9,11,10,\N,R,20,0.0,0,\N,\N,\N,0,\N,\N,4
